keys,ko
tx_BNZABB803S,훈련 EXP +10%
tx_1MD83CR2E7,스탯 여섯 모두 +2
tx_GAAZ5HPRXK,샐러리 −3
tx_BVZGPFX010,스탯 여섯 모두 +3
tx_E279KXEN3F,세 번째 파일럿 카드 교체
tx_7CTR6HNEPK,스탯 여섯 모두 +2
tx_PGK3M1V0NR,샐러리 −3
tx_YNYE5T30WE,훈련 EXP +10%
tx_QPC5HYT8G5,스탯 여섯 모두 +3
tx_D4KC8DCARF,세 번째 파일럿 카드 교체
tx_GT9HFB45QN,훈련 EXP +10%
tx_M8A5SD7XZ3,스탯 여섯 모두 +2
tx_4Y1G7QJK1Z,샐러리 −3
tx_399JVH6XZT,스탯 여섯 모두 +3
tx_YGX2TFQQYH,세 번째 파일럿 카드 교체
tx_7ZEA11MNKZ,스탯 여섯 모두 +3
tx_2CCK1642TV,샐러리 −5
tx_023MAMQFJM,훈련 EXP +14%
tx_7TVXP69D87,스탯 여섯 모두 +4
tx_4RNYT0N3CH,세 번째 파일럿 카드 교체
tx_5BF8Z6EHXT,샐러리 −3
tx_21ZNBHDDA9,스탯 여섯 모두 +2
tx_7SWB7DDK3Z,스탯 여섯 모두 +3
tx_8EVV1RF8PZ,훈련 EXP +10%
tx_JVWTBF2K0R,세 번째 파일럿 카드 교체
tx_HJZ5969XXZ,훈련 EXP +10%
tx_CVZVESYVCH,스탯 여섯 모두 +2
tx_KGRDD7JXC5,샐러리 −3
tx_TEBE2JYYJN,스탯 여섯 모두 +3
tx_8MHCZAZAKX,세 번째 파일럿 카드 교체
tx_NFVG32TTEF,스탯 여섯 모두 +2
tx_CAJN34RZBJ,샐러리 −3
tx_7J08XRWG0F,훈련 EXP +10%
tx_6N1XE4GWWG,스탯 여섯 모두 +3
tx_7BR5YWJB5H,세 번째 파일럿 카드 교체
tx_PRQSCMCRNY,샐러리 −4
tx_S31T2RG0MG,스탯 여섯 모두 +3
tx_322156HE7Q,스탯 여섯 모두 +4
tx_MNCGV8CS0Y,훈련 EXP +12%
tx_50EWAPEMJJ,세 번째 파일럿 카드 교체
tx_92MFB1DXG3,훈련 EXP +10%
tx_41DRR06M4H,스탯 여섯 모두 +2
tx_F2W8F1NGFA,샐러리 −3
tx_V3F0Y42H76,스탯 여섯 모두 +3
tx_YXN1V1K761,세 번째 파일럿 카드 교체
tx_388H7SWZK1,스탯 여섯 모두 +4
tx_XPVB9FWBK0,샐러리 −6
tx_RNXFV4X5KX,훈련 EXP +16%
tx_7CRNFMK6CS,스탯 여섯 모두 +5
tx_K579866TJR,세 번째 파일럿 카드 교체
tx_3X9FH1EK8J,샐러리 −4
tx_E51RC55DZ9,스탯 여섯 모두 +3
tx_YVV18TPYRZ,스탯 여섯 모두 +4
tx_DV3NNY745M,훈련 EXP +12%
tx_GVDGB5WNC2,세 번째 파일럿 카드 교체
tx_V7X9DPN1EH,훈련 EXP +14%
tx_NM0GHWJZ8W,스탯 여섯 모두 +3
tx_DHXCRK6FMS,샐러리 −5
tx_00N8BJ2VN0,스탯 여섯 모두 +4
tx_X272J64Z3W,세 번째 파일럿 카드 교체
tx_JJXX24EEPG,스탯 여섯 모두 +3
tx_SWE7TCQCTP,샐러리 −4
tx_FEKKT2CP0Q,훈련 EXP +12%
tx_V0E3SB00NR,스탯 여섯 모두 +4
tx_FB9D3PSJKH,세 번째 파일럿 카드 교체
tx_TS3WCTPP83,샐러리 −5
tx_2N79N56WDN,스탯 여섯 모두 +3
tx_MJHGQXF8PV,스탯 여섯 모두 +4
tx_FN2Q9FNGMK,훈련 EXP +14%
tx_GNBJJYQYZ8,세 번째 파일럿 카드 교체
tx_HJVYAAEZHZ,훈련 EXP +16%
tx_HH71MM2NTA,스탯 여섯 모두 +4
tx_G4T169KT2D,샐러리 −6
tx_CJG38SZ85R,스탯 여섯 모두 +5
tx_Z5XWZ1NV04,세 번째 파일럿 카드 교체
tx_GWMX9TG5YQ,스탯 여섯 모두 +3
tx_3GZRG4SWEX,샐러리 −4
tx_0R8DM81BVE,훈련 EXP +12%
tx_Q60ERV02ZN,스탯 여섯 모두 +4
tx_VPWDG7GND8,세 번째 파일럿 카드 교체
tx_AC3ZD0GF06,샐러리 −4
tx_N3428YR5TT,스탯 여섯 모두 +3
tx_QK167M9MCZ,스탯 여섯 모두 +4
tx_A22ERBKP73,훈련 EXP +12%
tx_Y7PPHPJX74,세 번째 파일럿 카드 교체
tx_75SZR88ZGX,훈련 EXP +12%
tx_SF5MS1F892,스탯 여섯 모두 +3
tx_FTK3BPDA9J,샐러리 −4
tx_ZJFQ26M3Q5,스탯 여섯 모두 +4
tx_2HYAZASV6Y,세 번째 파일럿 카드 교체
tx_RQH494K67C,스탯 여섯 모두 +3
tx_8MSMBN1B11,샐러리 −5
tx_73T413BY02,훈련 EXP +14%
tx_1D9B9ZB8D3,스탯 여섯 모두 +4
tx_4NBQ8AZQPG,세 번째 파일럿 카드 교체
tx_1CVD44CTD1,샐러리 −6
tx_436PNZ5BZP,스탯 여섯 모두 +4
tx_CCEY2AA8QH,스탯 여섯 모두 +5
tx_DQVFDVZ1SY,훈련 EXP +16%
tx_HX1CQ1HXX4,세 번째 파일럿 카드 교체
tx_P8M4917H4N,훈련 EXP +12%
tx_JGFBDHNZBQ,스탯 여섯 모두 +3
tx_CERCCST1T7,샐러리 −4
tx_B5HCSW6PE1,스탯 여섯 모두 +4
tx_269D8R68GZ,세 번째 파일럿 카드 교체
tx_MMDJ2K4B9W,스탯 여섯 모두 +3
tx_MP556W6XF3,샐러리 −5
tx_PQQZSZ8Q73,훈련 EXP +14%
tx_C8MAJ18BAJ,스탯 여섯 모두 +4
tx_KBMT1VW6FW,세 번째 파일럿 카드 교체
tx_Z38V855Z3K,샐러리 −3
tx_7V4R2TCJTV,스탯 여섯 모두 +2
tx_TW2WB4MQM1,스탯 여섯 모두 +3
tx_ZH3SMVBXS7,훈련 EXP +10%
tx_PEN5KX72BJ,세 번째 파일럿 카드 교체
tx_KTQJAFXBR3,스탯 여섯 모두 +2
tx_T517J0YFBT,샐러리 −3
tx_ZVBHG47DG8,훈련 EXP +10%
tx_8DZ1FRJKR9,스탯 여섯 모두 +3
tx_6NK8H5RP05,세 번째 파일럿 카드 교체
tx_MZFRJYQWE1,스탯 여섯 모두 +2
tx_80T8YAJNC7,샐러리 −3
tx_4TJN6H88TJ,훈련 EXP +10%
tx_5ZA10MPGFV,스탯 여섯 모두 +3
tx_6RFSFX6W0Q,세 번째 파일럿 카드 교체
tx_5QJ40QYDDV,교전 개시
tx_PEJVP7QE73,완벽한 기회
tx_A2X2F9VGZJ,결투
tx_VQ04DAZ5GJ,전투 준비
tx_QVNB16ZNE9,정밀 이동
tx_K9P1XXAKB0,찌르기
tx_34WZMH2PMR,정밀 공격
tx_D3XHCJSQ2Q,연속 공격
tx_2GP6TTS10M,전진
tx_4H967YK04T,교환
tx_776D3Q1Y3M,조정
tx_JDJEA07GWD,임기응변
tx_BM5WKN24JN,재빠른 사고
tx_PGNJHWFBGF,집중
tx_HNFK6KRS1T,사전 준비
tx_MAN88PYT2D,아드레날린
tx_KZFBJ3FEKF,계획 살인
tx_CKREJPGQ7S,복귀
tx_YAX3YY8PT7,보호
tx_0WNZ31X07V,약탈
tx_QBTAWRVZAF,소극적인 태세
tx_25QEEE26EV,공격적인 라인전
tx_47MSP21TH1,재고
tx_JD1KWMJVTQ,완벽한 마무리
tx_NJSN0AWSCP,계획 중시
tx_BD6ASECPTG,과감한 정리
tx_W6F5647KDY,솔로 퍼포먼스
tx_45XHV8YWG8,정글 파밍
tx_3KCFBW35Y2,전령 제압
tx_P0VTR51XGE,용 보상
tx_WAFRZPK7XD,핫핸드
tx_Q8DWCC62FE,이동
tx_4EB1DH0D05,골드러시
tx_YD54GSX5PD,몰입
tx_9WR57DQ007,워밍업
tx_ZB2RE6V177,신중한 예산
tx_0HH1KWMR10,성장 가속
tx_9EZ0RM1SJE,대결
tx_RY4YNF2XGQ,매복
tx_8830YJ0Y2M,무모한 돌격
tx_559D68SDYX,자신감
tx_H4X8Y1CT0H,맑은 정신
tx_4RNAZ0XM3Z,준비 태세
tx_39VBTD21YR,3턴 간 교전 — 범위 내 모두 참여
tx_V2PKK7NWT2,4턴 간 교전 — 범위 내 모두 참여
tx_EC3YQQ5Z38,대상과 한 명이 처치될 때까지 교전 (최대 10턴)
tx_408F44KGGS,이동. 다음 교전 카드 비용 -1
tx_NXCKS533Z5,이동. 이 게임 동안 비용 +1
tx_ER4EDPVYGB,공격
tx_RVEDFKNMDP,필중 공격
tx_D517G4R707,공격. 명중 시 이 카드 효과를 반복
tx_G0C3P5140E,전진 1
tx_W35E68ZQBW,"뽑기 2장, 버리기 2장"
tx_SGE785HBXQ,"뽑기 1장, 전략 점수 +1"
tx_6YQZCE1XNJ,찾기 1장
tx_QRCN458YD0,뽑기 2장
tx_2QKZF6AP0E,이번 작전 단계에서 뽑는 카드 비용 -1
tx_Q0E6A1NV2N,손의 모든 카드 비용 -1
tx_K66VVKXS4N,전략 점수 +4. 다음 작전 단계 시작 시 전략 점수 -2
tx_5N1FY5QTXY,"사용 후, 이번 작전 단계에서 적을 처치했다면 전략 점수 +4"
tx_VTBGJF968E,대상을 본진으로 귀환
tx_3BNP4XNPK9,대상 체력 20%의 보호막 부여
tx_4FMSTMSTRG,대상 타일에 남은 성장 포인트를 가로챈다
tx_232ZDZ7E24,"가장 가까운 아군 포탑으로 이동. 10턴 동안 전장 회피 +20%, 성장 +10%"
tx_TCT401KX2S,10턴 동안 라인전 스탯 +10%
tx_P5PQ376FBE,손을 전부 버리기. 버린 수만큼 뽑기
tx_F7AA153FS9,손을 전부 버리기. 다음 작전 단계까지 아군 전원 성장 +25%. 작전 단계 종료
tx_M1Z6RYGV59,손의 카드 2장을 다음 작전 단계까지 보존
tx_38HZVJYJCF,"손 오른쪽 3장 버리기, 뽑기 5장"
tx_8H6EH36EGS,"다른 파일럿 카드 모두 버린 후, 뽑기 +4\n버린 카드 1장마다 전략 점수 +1"
tx_2NQ79Z541T,이동
tx_5S3Y4PZWTS,지정한 최외곽 적 포탑에 피해 8. 그 레인 전선에 적이 한 명도 없으면 피해 2배. 입힌 피해만큼의 성장 점수를 그 레인 아군이 나눠 받는다
tx_078XVRBVH0,"뽑기 1장, 대상의 성장 효율 +5%"
tx_J9JA1A653S,"뽑기 1장, 이 파일럿의 성장 적립 +5%"
tx_VYBKRVFG20,이동
tx_88Z8A3NC37,"소지 중: 성장 +{charge*8|사용 횟수×8}%\n사용: 이 게임 동안 비용 +1, 소지 중 성장 +8%"
tx_M56XC3K4QE,"공격력 +5%, 성장 +7%"
tx_TF7GKXEQ30,"공격력 +5%, 체력 +5%. 뽑기 1장"
tx_PPCM4J5N6A,5턴 동안 성장 +15%. 작전 단계 중 손에 들어오면 그 작전 단계 동안 비용 0
tx_Z818WEC9V2,토큰을 모두 소모해 5턴 동안 성장 +{charge*10|충전 횟수×10}%
tx_R0XZSX92HN,2턴 간 교전 — 대상 범위 내 모두 참여
tx_TMRSQNE9TF,이동해 다음 작전 단계까지 그 자리에 머문다. 다음 작전 단계에 시전자의 교전 카드 찾기 1장
tx_ZHFXJ9NS53,공격 2회. 대상이 시전자를 2회 공격
tx_XPV2PXPJM8,소지 중: 전장 명중 +15%
tx_697BZYWAQZ,소지 중: 양 옆 카드 비용 -1
tx_5SCQTRV4MR,"다음 작전 단계 시작 시 전략 점수 +3, 뽑기 3장"
tx_PVJBQ802WT,천둥 폭풍
tx_8HP8T7ZWJH,천공의 일격
tx_KQRS8C28PV,꿰뚫는 번개
tx_DPCYQYKM8T,캐시
tx_6X0N6HY2V2,스캐빈저
tx_VT0YVFSN1B,로켓 펀치
tx_GMD6681QQ4,미사일
tx_Q85FY4H0Y8,미사일 준비
tx_RKWEKBZBK8,정밀 폭격
tx_XATHQH86HE,전장 강타
tx_4X8T8S6HGE,계시
tx_DSQ6CGA6S8,결속
tx_THF0ZYMN9Q,락온
tx_TE0PSTKJJM,테러
tx_2EEB6BCGKR,파괴
tx_8NQX0Y68PC,승전보
tx_EYQZNE1NW1,돌격
tx_SYV9E33WRX,질주
tx_2AMBFQ5DN2,철거
tx_4VKA1Y7X0Q,우세한 전장
tx_M0YVRG1RY0,격렬한 돌진
tx_6W8DBNDV81,처형
tx_MXK061W02J,일격
tx_J6V9YT8GXW,휩쓸기
tx_BMYF028YP6,유령의 올가미
tx_5VW7ZEACKY,전쟁의 사슬
tx_T8YHK4E2EB,영혼 포식
tx_N4Q0ZN5CKN,몸집 불리기
tx_PE59R89094,추적 개시
tx_JK7E7DN4BE,강습
tx_FP78KQF9QK,최첨단 보호
tx_B9N6G19DSX,초고출력
tx_V9DQHRBMYN,개시
tx_MT4DPTB5BA,주먹다짐
tx_4A6WP192BM,고통과 쾌감
tx_E1TWPB7RZ8,제압 전투
tx_EB81ECXPRB,리부트
tx_ZEH286E1N2,단계 A
tx_87G2EA5213,단계 B
tx_M1BAEN8BYC,단계 C
tx_17WNW2JVNR,약자 멸시
tx_J5SCAYXA66,전격전
tx_F2HAFV98VN,즉발 베기
tx_4H3F9C9KFN,명상
tx_J9NRQG1N25,질풍
tx_ZV6V2XKA44,신속
tx_FAFVJM0TBH,최면
tx_84JWQKBGDZ,매혹적인 침공
tx_9BBJK7Y68S,매혹
tx_7BKZ7W8YS1,공격 명령
tx_Y7TG0Z5CFY,투자
tx_RKCAYN4VKF,간보기
tx_TFAGZYXVFR,지원 보호
tx_J4H3QBV4P8,수호
tx_BFZN83RPEC,강타
tx_QCH88K6QVX,탈진
tx_YKWHPG7YP8,변덕
tx_1JSMR4TT01,밸런스
tx_R9RC49NARQ,파란 약
tx_Z7NQX4ERZG,붉은 가루
tx_C9883APGKW,녹색 병
tx_3SCCR3H088,죽음의 손가락
tx_Y7VQ3CF1M8,확신
tx_VADKXBYWKY,사형 선고
tx_JNPQN78JF0,전장 내 모든 적 공격
tx_2EM7FR668Z,공격
tx_8J7JZK60VJ,아군 HQ 부터 대상 포탑 타일까지 모든 적과 포탑 공격. 적 포탑 파괴 시마다 덱에 1장 생성
tx_688W5MT4FK,소지 중: 아무 카드나 사용할 때마다 시전자가 보유한 성장 점수의 4%만큼 성장 점수 획득
tx_G8M4271EMY,버린 더미에서 찾기 1장
tx_V7VRGW4E2A,"공격. 명중 시 전략 점수 +2, [캐시] 찾기"
tx_EBV4NATSF5,토큰을 모두 소모해 대상 타일의 모든 적 공격 {charge|충전 횟수}회
tx_SMQK1K7KVW,[미사일] 찾기 2장
tx_2HPG2AS40R,대상 범위 내 모든 적과 포탑 공격. 명중한 만큼 손에 소멸·휘발성 [미사일] 생성
tx_6X4HNDCZ2C,토큰을 모두 소모해 전장 내 무작위 적 공격 {charge+1|충전 횟수+1}회
tx_YWSFNSENS1,소지 중: 적이 카드로 피해를 입을 때마다 그 적을 공격 (이 카드로 인한 피해 제외)
tx_Z2YW81TPE6,시전자가 교전에 참여할 때 대상도 함께 참여
tx_C4VPQGSWCK,이번 작전 단계 동안 이 메크가 피해를 입힌 적 모두 공격
tx_448B4T57NE,범위 내 모든 적 공격. 1회 이상 명중 시 손에 [락온] 생성
tx_EPR6SV4YCM,대상 범위 내 모든 적 공격. 1회 이상 명중 시 손에 [락온] 생성
tx_FH052PHKSD,"뽑기 3장, 전략 점수 +2"
tx_NVNVNRV9CV,대상의 타일로 이동. 3턴 간 교전
tx_DA9WK7H4XT,이동
tx_NNZJRNHF9P,공격
tx_CGVRKSDCVG,4턴 간 교전 — 범위 내 모두 참여. 교전에서 생존할 시 처치한 적 수만큼 손에 [철거] 생성
tx_GNVN8SF4TQ,밀기 2. 도중에 적이 없을 경우 추가 밀기 1
tx_YQZZ1NX7CW,토큰 5 미만일 때 이 카드 제거. 토큰을 모두 소모해 최대 체력 25% 이하인 대상 처치
tx_A7SQ01XZXJ,"공격. 명중 시 뽑기 1장, 토큰 +1"
tx_49DTSHJHEX,이동. 이후 범위 내 모든 적 또는 포탑 공격 — 명중한 수만큼 토큰 +1
tx_2V3BT9STT6,공격 2회
tx_DKVGQXAXNA,"대상과 {max(1, chain)|영혼 포식 명중 수}턴 간 교전"
tx_WTZJ53SNH7,범위 내 모든 적 공격. 명중한 횟수마다 토큰 +1 및 시전자 체력 10% 회복. 토큰 수만큼 [전쟁의 사슬] 의 교전 턴이 증가
tx_YPM1FF88MR,최대 체력 +20
tx_D33QNEYP5R,공격. 명중 시 15턴 간 [추적]
tx_4DX9VJS0JB,대상의 타일로 이동. 3턴 간 교전
tx_QTKR6R244D,대상 최대 체력의 30% 회복 및 [반응 장갑] 1 부여
tx_B49ZJVCFRB,범위 내 모든 적 및 포탑 필중 공격. 명중한 수만큼 자신에게 [반응 장갑] 1 부여
tx_0RC6TG6RCS,5턴 간 교전 — 범위 내 모두 참여
tx_9H6E53W0EW,대상과 자신이 2회씩 서로 공격. 대상의 공격은 필중
tx_AX7SP29R5Z,전장 내 모든 적이 시전자를 필중 공격. 전략 점수 +4
tx_4RPBKVD2TC,4턴 간 교전 — 범위 내 모두 참여
tx_YT04HJAVXS,토큰 +50. [단계 A] 찾기
tx_K2W48C2P3K,덱에 [단계 B] 생성. 대상에게 [목표] 부여
tx_JCFDKSCVXT,"[목표]가 부여된 적 주변 1칸 이내 3턴 간 교전. 교전에서 적이 처치되면 덱에 [단계 C] 생성, 아니면 [단계 A] 생성"
tx_5198GDXGZX,덱에 [단계 A] 생성. 강화 하나 선택 — 알파: 다음 [단계 A] 사용 시 덱이 아닌 손에 [단계 B] 생성 / 베타: 다음 [단계 B] 사용 시 토큰 +100 / 감마: 다음 [단계 C] 사용 시 성장 점수 +10%
tx_R3NMXP56CN,소지 중: 교전 시작 시 토큰을 모두 소모해 체력이 가장 적은 적을 공격력 50%로 공격 {charge|충전 횟수}회
tx_BCN9HQ1Y7D,[약자 멸시] 찾기. 이동. 이후 3턴 간 교전 — 범위 내 모두 참여
tx_8FMSQ09F35,이동. 이후 범위 내 모든 적 공격
tx_FRGPH6CYX7,손에서 이 카드보다 왼쪽의 모든 카드 버리기. 버린 수만큼 뽑기
tx_HBEZ5EBKC0,"손의 가장 오른쪽 카드 2장 버리기, 뽑기 2장. 대상 공격 — 대상 위치로 이동하며 이번 작전 단계가 끝나면 이전 위치로 복귀"
tx_FVZW5PXN3H,손의 가장 오른쪽 카드 2장 버리기. 이번 작전 단계에서 피해를 입힌 적들을 다시 공격
tx_HP6SF4N2PN,대상 1칸 이동
tx_PKYA2BZD4J,범위 내 모든 적을 시전자 타일로 이동. 4턴 간 교전 — 시전자 주변 1칸 모두 참여
tx_52YX26E4KK,5턴 동안 대상이 얻는 성장 점수와 동일한 성장 점수 획득
tx_77KHMP4PZV,아군 또는 적이 처치될 때마다 이 카드를 손에 생성. 대상 체력 30% 회복 및 대상 범위 내 모든 적 공격
tx_ZS7CFWQ0VS,버리기 1장. 덱에 [공격 명령] 생성
tx_FYQ04QVGFD,"공격. 명중 시 대상 범위 내 3턴 간 교전, 빗나갈 시 전략 점수 +4"
tx_71ZZ55QRCS,대상에게 시전자 공격력의 200% 보호막 부여
tx_GC8TZWVVQ1,전장 내 모든 아군에게 시전자 공격력의 200% 보호막 부여
tx_JCJTQREPN3,대상이 다음 교전에서 적에게 피해를 주면 그 적을 [기절]. 한 교전 내에 같은 적에게 두 번 이상 적용되지 않음
tx_3EM1YTK1F0,공격. 명중 시 대상은 이번 작전 단계 동안 교전 참여 불가
tx_HNMHMDJQAW,버린 더미에서 뽑기 3장. 이번 작전 단계 동안 해당 카드들 비용 -1
tx_P31PSDYTQK,소지 중: 이 메크의 다른 카드가 성장 점수를 소모하지 않음
tx_XW6K7VHSXD,시전자의 성장 점수 100 소모 및 대상이 전장 이탈까지 성장 효율 +20%
tx_3X4DE25KTY,시전자의 성장 점수 100 소모 및 대상 최대 체력 +20
tx_EPJQNJA7F7,시전자의 성장 점수 100 소모 및 대상 공격력 +2
tx_RHE0637Z32,"대상은 전장 이탈까지 받는 피해 +25%, 대상의 성장 점수 10%만큼 [현상금] 지정. 중첩되지 않음"
tx_70N6FJ3FJ0,공격 — 대상의 [현상금] 2%만큼 피해
tx_1MFHFCFRJE,대상을 시전자의 타일로 이동. 3턴 간 교전 — 범위 내 모두 참여
tx_H1V09QCXSD,단기 훈련 코치
tx_E731FZHB4R,전술 컨설턴트
tx_8SZM4HBC56,메크 연구원 초빙
tx_QGNH785ZPE,외부 분석관
tx_2T1ZS1PMZ7,심리 상담사
tx_41NF1BRQ61,재무 자문
tx_R3NQ6GVQE3,집중 캠프
tx_28JMZ3Y0KP,해외 전지훈련
tx_9W9XHD39VW,광고 캠페인
tx_4X4R7Q6VE3,성과 연동 스폰서
tx_CR5B3MEQ0F,지역 스폰서 계약
tx_CNAP5S2H1J,유지보수 연기
tx_56NJTYE5NP,연봉 재협상
tx_D5VD2D1QSZ,외부 훈련 코치와 2주 단기 계약 — 감독의 훈련 스탯이 오른다
tx_781QQNNW5K,전술 컨설턴트를 2주 초빙 — 감독의 전술 스탯이 오른다
tx_C5S13WVDT1,메크 연구원을 2주 초빙 — 감독의 지식 스탯이 오른다
tx_F73ZGB2PTV,외부 분석관과 2주 계약 — 감독의 분석 스탯이 오른다
tx_2CC1KKTKKB,스포츠 심리 상담사를 2주 초빙 — 감독의 멘탈 스탯이 오른다
tx_DA86MFNRT5,재무 자문과 3주 계약 — 감독의 관리 스탯이 올라 수입 · 유지비가 나아진다
tx_RTR0ZTKS94,한 주 동안 숙소를 빌려 훈련에만 집중한다
tx_KHZNSXNXC1,2주 해외 전지훈련 — 시설이 갖춰진 팀만 꾸릴 수 있다
tx_86FED5D6GK,대형 광고 캠페인 — 큰돈이 들지만 4주 동안 스폰서 수입이 오른다
tx_XAR8PQMZNV,지난 주 전승한 팀에게만 들어오는 성과 연동 스폰서 계약
tx_3N2P9M4E9W,저예산 팀용 지역 스폰서 — 수입이 늘지만 홍보 일정이 훈련 시간을 조금 잡아먹는다
tx_AXEKA79XKE,잔고가 바닥일 때 시설 유지보수를 2주 미룬다 — 유지비가 없지만 사건이 잦아진다
tx_MB49GSHBFN,잔고가 바닥일 때 스태프 연봉을 3주 깎는다 — 사기가 떨어져 훈련 효율이 준다
tx_KXN7MDVXDA,추적
tx_Q2YD01V4X9,대상이 교전에 참여하면 시전자도 함께 참여한다
tx_HPPDS4VKWD,반응 장갑
tx_8224R3117V,공격당하면 그 피해를 90% 줄이고 1 사라진다. 전장을 떠나면 모두 사라진다
tx_DG1DJNPNVF,목표
tx_M9AXFZ0YJD,시전자에게 받는 피해 +15%. 새 목표를 정하면 이전 목표는 풀린다
tx_WSY436KCVQ,현상금
tx_DYE6YP50R9,대상의 성장 점수 일부를 값으로 매긴 표식. 확신 카드의 피해가 이 값에 비례한다
tx_EQ77MGHTT1,기절
tx_5Y0V13GVXR,교전에서 자기 차례 한 번을 건너뛴다
tx_WAPNWFECJE,취약
tx_GV1PNFZR9T,1마다 받는 피해 +1%
tx_D1T42QFP6V,소멸
tx_A2PYQPKVJM,사용하면 이 게임에서 사라진다
tx_SJ5QM4RPT6,보존
tx_EGQP5BBD6K,버려지지 않는다
tx_XT72XP34EJ,휘발성
tx_SSYPBCVHEE,버려지면 더미로 가지 않고 사라진다
tx_HHR746K1D3,충전
tx_FGE0Q8F8K1,손에 들어올 때마다 토큰 +1 (최대 {max})
tx_VDYX47TMCF,재배치
tx_HN02EYXPVV,사용 후 손 맨 왼쪽으로 돌아온다
tx_J99WKD5PN8,운영형
tx_KQSXCRDMQT,실전형
tx_T2Z72WAY5Q,조직 운영에 밝은 감독 — 관리 · 멘탈 쪽으로 조금 기운 고른 분배
tx_PVYTSHGS8N,현장 출신 감독 — 훈련 · 지식 쪽으로 조금 기운 고른 분배
tx_MR5VKS3AHG,과적재
tx_C214C4GTV6,반응 장갑 전개
tx_4AGJGY73MM,고통과 쾌감
tx_MT24Q830S3,승전보
tx_4QD00Q1TF5,철거 명령
tx_6ED3M3XZ0S,처형 준비
tx_SV27886566,영혼 수확
tx_2E4NTSV8ET,오버클럭
tx_HDRMB8HM1E,무념
tx_J55MTA5JTE,수호 연계
tx_Y5NA1D3VMR,불굴
tx_Z6MVYR47TV,취약 각인
tx_TXJ30QM4CZ,미사일 적재
tx_F0QY3T3051,전탄 발사
tx_PJ1NF26FT4,조준 보정
tx_FMKZ4AXNYJ,최대 체력 10 마다 공격력 +1
tx_5D0P0RCSAY,교전 시 자신에게 [반응 장갑] 2 부여. 반응 장갑: 공격 당할 시 90% 피해 감소 및 이 효과 1회 제거
tx_1VX47RFC55,피해를 받거나 줄 때 그 20% 만큼 최대 체력 증가. 자신의 레인 포탑을 파괴할 때마다 덱에 [고통과 쾌감] 생성
tx_6KZJ3QWJ75,용 또는 전령 싸움에서 승리 시 손에 [승전보] 1장 생성
tx_PE2EVQDEA5,용 또는 전령 싸움에서 승리 시 손에 [철거] 1장 생성
tx_BNYYR6W86Q,적 처치 또는 포탑 파괴 시 토큰 +1 (최대 5). 최대 토큰일 때 손에 [처형] 생성
tx_PHQRA5X740,전장에서 카드 공격을 명중하거나 교전에서 적에게 피해를 줄 때마다 공격력 +1% 및 최대 체력 +5
tx_CPZSE06A20,게임 시작 시 토큰 +20 (최대 100). 교전 중 적에게 피해를 줄 때 토큰 1개마다 1% 확률로 1회 더 공격 및 토큰 절반 소모
tx_TX22RY527N,카드를 사용하거나 버릴 때마다 토큰 +1 (최대 6). 최대 토큰 시 토큰을 모두 소모해 사거리 1 내 모든 적 공격
tx_9J4RSF40T1,이 메크의 보호막을 받은 아군이 전장에서 적에게 피해를 줄 때마다 이 메크가 그 적을 공격
tx_JWM1NSSZC2,교전 시 모든 아군이 한 번에 한해 공격 받아도 체력 1 이하로 내려가지 않음
tx_D3R65NAFJ7,이번 작전 단계 동안 공격 명중 시마다 대상에게 취약 10 부여. 취약: 1마다 받는 피해 1% 증가
tx_5SM31D1TN4,자신 레인의 포탑이 파괴될 때마다 덱에 [미사일] 1장 생성
tx_EZ2X9YFAAV,교전 중 공격이 모든 적을 대상으로 함 (이 메크의 공격력은 다른 원딜 메크의 절반)
tx_8F16MH3WCH,전장 공격 명중 시 공격력 +1
tx_6RHXR0K8TD,Nekomata
tx_KCKAPV8M44,Yuzuha
tx_1TSM3CVTC7,Corin
tx_MMGADQGFP5,Ellen
tx_VH7WT9HK5V,Alice
tx_A57ZKJ2RYN,Evelyn
tx_45ATHT6FKK,Soldier 0
tx_JPNMY18MCJ,Seed
tx_163HX41GR4,Koleda
tx_JJBNVJ8XXV,Burnice
tx_29BFFGGW6S,Orphie
tx_QX0BWSVSPR,Shunguang
tx_54BAVHVXZ9,Cissia
tx_3034BPK68X,Anby
tx_9X5MSNP9S6,Dialyn
tx_AC888H3N75,Miyabi
tx_05PA12NPQW,Norma
tx_W5W0277NZB,Fufu
tx_AYBRWP0TGG,Grace
tx_8CZEWV0FKH,Piper
tx_4VNK1Y3RNN,Jane
tx_E9G1X85PV8,Promeia
tx_3H5B2KKWQ3,Aria
tx_A11RS2G63R,Vivian
tx_XAFE097QC8,Lucy
tx_4F8CDQF40F,Astra
tx_F3H094AEA0,Chandelier
tx_X87VBTX1CS,Sunna
tx_SWY4WWSAB9,Teatime
tx_7VRX3MZ9JA,Lucia
tx_2H29TKTGJ5,Rina
tx_7KMP8WAH0E,Nicole
tx_YDE9Z2XBQ0,Caesar
tx_R5HGGQNRE4,Zhao
tx_EEPF8ES67Y,Yidhari
tx_FWT4NKYHP9,Yixuan
tx_9PMKX7Q4AC,Ink
tx_G8V1VM0EK5,Qingyi
tx_X11AK79026,Trigger
tx_RB46PVETMS,Yanagi
tx_9GRTGADGJE,Zhu Yuan
tx_F07J7ARPAE,Lycaon
tx_QSQ2P3RJ17,Soukaku
tx_7HN5M1MAB3,Seth
tx_ZWR8EZKW8C,Harumasa
tx_RP50XN9RBG,Anton
tx_HJ6ZBQRZW7,Ben
tx_YS11SNHY9S,Billy
tx_NRF6V6XZBF,Lighter
tx_D66BJNK5G1,Pulchra
tx_578RKVPGWF,Hugo
tx_ES8Y72RP2B,Nangong
tx_BAYWN5XVPX,Banyue
tx_TTMXMPNE5R,Sigrid
tx_KYKTG5BE73,Velina
tx_AZTNGJ0GYB,Remielle
tx_RAFKQ292R5,Manato
tx_CPVAV7P855,Roxy
tx_8N33ZY2DJS,Claret
tx_BX7B0VT9RG,Soldier 11
tx_XX03M3SC12,Cunning Hares
tx_WJ3VBCXDSF,Victoria Co.
tx_GNQNNFQCK0,Belobog Heavy
tx_JPFZTZPR02,Section 6
tx_XZPQREWS12,Sons of Calydon
tx_KAQPFZWKCD,Response Team
tx_1622KAJJND,Obol Squad
tx_XG6MSXV2T5,Spook Shack
tx_2KHVD058YH,CNH
tx_XTSC0733FS,VIC
tx_AQKY4TBV9J,BHI
tx_P7M9CVHBZ4,S6
tx_C39BBF2DM3,SOC
tx_FB6AGM99E6,SRT
tx_3YXZTWW9C7,OBS
tx_K12TXGMJVD,SPK
tx_Z8TGYD43H2,Stars of Lyra
tx_W6EHC44Q4V,Yunkui Summit
tx_CJN6DMT8BQ,Mockingbird
tx_YW58G2QSRE,Gentle House
tx_VRM2M0YD2A,LYR
tx_K1RND3SFKX,YKS
tx_ZB4SQT0K00,MKB
tx_9SA3Q5K498,GTH
tx_Z24XGMJ5JX,Juggernaut
tx_RBX8B7058H,Bastion
tx_M89YA062NF,Ironhide
tx_GGJEWEG94S,Triumph
tx_J5EE79WPV8,Wrecker
tx_W22P7Z4HZW,Headsman
tx_ANF9YP2GPF,Reaper
tx_5R2STKZ5D0,Overdrive
tx_5X7AC4QF0A,Blitz
tx_CVK6DX95NY,Zephyr
tx_41V98MQ2XB,Siren
tx_A8C1G1YY2A,Marshal
tx_Y3VQ5FBM8R,Guardian
tx_F0KPNNB2XQ,Caprice
tx_VP2TEEDYJH,Alchemist
tx_GKQSB786K8,Verdict
tx_FC4KKM02YT,Tempest
tx_Z7FS3ZHJT5,Scavenger
tx_D59GX22TXW,Payload
tx_70SB2CZWJ3,Barrage
tx_ZANV15GN4C,Deadeye
tx_ZBBZHFMCCX,한서준
tx_PHJPVGVRWA,이도윤
tx_RH8AJM213Z,강민호
tx_1YCHP4S4CR,박지훈
tx_3Y6BR2QTX3,최유나
tx_3H9HPRDVX6,정하린
tx_C5QAFP4992,윤재혁
tx_0DK3G2N907,오세린
tx_G8VDGNQCGR,임태경
tx_BZ2G77ZD3W,문가람
tx_SEY9C6TFDR,서지안
tx_KTBPN7EMPH,배현우
tx_Q07NDPDD2A,조은채
tx_X7KY700EB3,신우진
tx_DX1085NGYG,황보람
tx_6NTF126396,김나래
tx_6KTZ6M91H0,유건우
tx_WGNEE4ZXQ4,남궁별
tx_93DNF2H8DK,차도현
tx_H0RPTYH8T9,백하은
tx_B0BMAWJ7W0,노승민
tx_1B1ZHR2JX6,하예린
tx_9ZFPBR8QPR,배회
tx_C4W31AM5G6,위치 고정
tx_KDQGE48ZGV,퍼포먼스
tx_AN0MJ4GPHD,기회주의자
tx_X859HHE121,축적
tx_3GM34YCZCB,작전 준비
tx_JTPRQSEZV4,계략
tx_QC4MS74FNX,복귀 명령
tx_B2MHCM6EQX,노련함
tx_GDMDC99PSR,용의 가호
tx_63MS41MFH9,사냥의 보상
tx_HS2G4N0750,불안정한 대포
tx_C2RTB06AXC,백본
tx_190GGZB4X7,신예
tx_7QG6M9A3EZ,몰아치기
tx_RGMCGVREFC,고양감
tx_32D4QTBRNK,격전
tx_EJGKSFFT06,전투 명령
tx_EP8GXKMR0V,약탈자
tx_GF6P7JK1SQ,전리품 수집가
tx_G17E13SA9T,공성전
tx_JX8C8KDANY,만능
tx_W6M5TMHY7G,원딜 사냥꾼
tx_574WAHRC6Y,공격적인 전진
tx_ZHKC92QRTJ,경쟁 심리
tx_TCDPZKRX9M,"활성화: 손에 있는 가장 낮은 비용의 이동 카드의 비용을 0으로 감소. 손에 이동 카드가 없을 시, 휘발성 [이동]{eul} 손에 생성"
tx_01QXXQC4VE,"활성화: 20턴 간 성장 적립 +20%, 라인전 -20%, 이동 카드 사용 불가, 오브젝트 참여 불가"
tx_M9HDA7991Z,이 선수의 카드 사용 시마다 토큰 +1 (최대 25)\n토큰마다 이 파일럿의 모든 능력치 +2%. 전투 이탈 시 토큰 -10
tx_SBZ2RGCFC4,"교전 중 상대 진영 파일럿을 처치했다면, 해당 교전의 턴이 일시적으로 1 증가"
tx_HCG34G4447,매 턴 토큰 +1 (최대 100)\n토큰 수마다 성장 적립 +1%
tx_QW0WRK5W71,활성화: 이번 작전 단계 동안 모든 카드 비용 -1
tx_QR155GH2K5,활성화: 손의 카드 중 1장에 보존 부여
tx_57FEQZSD9W,활성화: 휘발성 [복귀]{eul} 손에 생성
tx_84VS0JAK7A,"전장 명중률 +10%, 전장 회피율 -5%\n게임 50턴부터 대신 전장 명중률 +20%, 전장 회피율 -5%"
tx_MBAK27KBCX,"용 오브젝트 등장 시 토큰 +1 (최대 1)\n활성화: 토큰 1개를 소모하여 전략 점수 +3, 뽑기 2장"
tx_8CE3SCE28Y,적 처치 관여 시 15턴 간 성장 적립 +25%
tx_4M0MCHFQTA,"가하는 피해 +10%, 받는 피해 +10%\n게임 50턴부터 대신 가하는 피해 +20%, 받는 피해 +20%"
tx_C9RZZHW1KH,게임 시작: 이 선수의 카드를 모두 버린 카드 더미로 이동\n게임 50턴부터 라인전 능력치 +20%
tx_AYBPPVM8XW,매 턴 토큰 +1 (최대 15)\n최대 토큰 시 [핫핸드]{eul} 덱에 생성. 전투 이탈 시 토큰 초기화
tx_9GG6D1MMYT,이 선수의 공격 카드 명중 시마다 토큰 +1 (최대 4)\n토큰 수마다 전장 명중률 +5%. 작전 단계가 종료되면 토큰 초기화
tx_MGSQQPTAMH,"용, 전령 교전에서 승리 시 토큰 +1 (최대 3)\n활성화: 토큰 1개를 소모하여 [아드레날린]{eul} 손에 생성"
tx_N9H0VY8ZYD,"활성화: 자신의 교전 카드 찾기 1장. 덱에 교전 카드가 없을 시, 휘발성 [교전 개시]{eul} 손에 생성"
tx_F6ZPD3B8SJ,"활성화: 이번 작전 단계 동안 교전 카드 비용 -3, 교전 턴 -1"
tx_X3DDB1ERMS,적 처치 관여 시 토큰 +1 (최대 2)\n활성화: 토큰 1개를 소모하여 휘발성 [약탈]{eul} 손에 생성
tx_1Y0CR9P495,적 파일럿 종류마다 처치 관여 시 공격력 +6% (최대 5)\n최대 토큰 시 추가로 공격력 +10% (최대 공격력 +40%)
tx_NVABXT94CT,토큰 5개로 시작. 포탑 파괴 시 토큰 +1 (최대 5)\n활성화: 토큰 5개를 소모하여 다음 교전 카드의 교전 턴 +3
tx_ARWJETFT72,"체력형 메크일 시 존재감 +1, 최대 체력 +20%\n공격형 메크일 시 존재감 -1, 공격력 +20%"
tx_A2VY834WBK,"교전 참여 시, 적 원딜 파일럿이 있을 경우 첫 공격은 반드시 적 원딜 파일럿을 공격 및 공격력 +20%"
tx_BVQZZBG33F,활성화: 휘발성 [전진]{eul} 손에 생성
tx_KR207W6TG7,상대 같은 레인 파일럿과 비교하여 — 성장치 열세: 성장 적립 +10%\n처치 열세: 공격력 +10%\n죽음 우세: 최대 체력 +10%
tx_CYGR6J73XX,날카로운 눈
tx_1E4NWHCFMH,가벼운 발
tx_WACC2C0HFM,근접 본능
tx_0AYXJYXGR5,침착한 손
tx_VSNP1K2HN2,공격 성향
tx_S44JV6K81D,강철 체력
tx_43NMPETEJN,사냥꾼
tx_7H3MC8ST31,난전의 달인
tx_B44F1ZRV5V,불굴
tx_3Q7114R6SF,폭발력
tx_ZNCXG862TG,그림자 걸음
tx_8GMS4ZMMM0,균형 감각
tx_74FT3NG96S,주력 일체화
tx_SKX3980NZ4,포지션 장인
tx_9EBPK4CZKY,철벽 수호자
tx_QWZBQFGYDS,암살 본능
tx_41ZA0ATDFP,명사수
tx_KEMWNM8WAB,기체와의 교감
tx_0WJHVJBXGJ,전장에서 표적을 놓치지 않는다
tx_ABZZPKPCYQ,전장 사선을 먼저 읽고 비켜 선다
tx_2MJGGBBG8W,교전에 들어가면 손이 먼저 나간다
tx_TPN738KR73,난전에서도 조종간이 흔들리지 않는다
tx_F7BMZSBRHB,성장할수록 화력이 더 가파르게 붙는다
tx_E7ARY2RD8Y,성장할수록 기체를 더 오래 버틴다
tx_KGE8JZ4FD1,전장에서 쫓고 피하는 감각이 함께 산다
tx_VRXTZ6J5VN,교전 무대가 오히려 편하다
tx_G78PW2KHPR,쓰러질 듯하면서 끝까지 버틴다
tx_7FRCXP4PHE,한 번 불붙으면 화력이 몰아친다
tx_XBD561TVAG,어디서든 맞히기 어려운 몸놀림
tx_H9SG1KJ7VG,공수 어느 쪽으로도 기울지 않는다
tx_NG3XEEHSFB,주력 메크에 타면 기체와 한 몸이 된다
tx_5234BFCRX4,제 역할군 메크에서 실력이 온전히 나온다
tx_BJP0GG5N68,탱커 메크에 타면 무너지지 않는다
tx_423T378EFS,암살 메크에 타면 급소를 노린다
tx_HCTF0FH7HK,원딜 메크에 타면 한 발도 허투루 쏘지 않는다
tx_X44QXQ1EJK,능숙 이상으로 다루는 메크에서 한층 날카로워진다
tx_WMF4H900Y6,루키 리그
tx_WHEYGN2VQZ,슈퍼 리그
tx_FHYTT6JZHE,샐러리캡이 낮다 — 비싼 선수는 두세 명이 한계.
tx_4H2VGDNYW7,샐러리캡이 높다 — 레벨을 올린 선수로 채울 수 있다.
tx_7NY5TT0SJT,최상위 예산 — 전략 카드 운영과 선수 면담만 직접
tx_0G5Q0GF81D,상위 예산
tx_B761YRXYA9,중상위 — 훈련 일정 편성 직접
tx_94KMS9GQH0,중위
tx_G20TF9A18T,중위 — 메크 숙련도 관리 직접
tx_5J2FWDTHHS,중하위 — 상대 분석 해석 직접
tx_2B5FE3RAFT,하위
tx_KRQHGMFDHP,최하위 — 예산 배분 · 시설 · 연봉까지 직접
tx_KEVDQS5CGB,기초 훈련
tx_SN9RWDKSD9,기초 훈련 2
tx_ETXQNX2FF3,사격 훈련
tx_DYKR3KZW2R,회피 기동
tx_E8AJQ6WVHS,근접 교전
tx_Z2QHPPQ7QN,반응 훈련
tx_6PFR1BYJ2Q,화력 증강
tx_RZMEH6PFCE,내구 단련
tx_V37TNBJQV9,합동 훈련
tx_T4WV59VSPB,집중 특강
tx_X4QVQX3E4B,전술 회의
tx_Z7JQDJ9DV2,합숙 스크림
tx_G5ENXM984P,한계 돌파
tx_CHY4PWBWTD,멘토링
tx_D40J2EG75V,전지 훈련
tx_PAVG1B8HGJ,메크 연구
tx_BFGHJCY1F1,메크 집중 연구
tx_XXMTB9J4JQ,기벽 발굴
tx_JWT9F5YXD6,기벽 재조정
tx_6ZSE84YQEQ,동반 발굴
tx_YN1A3HKZJP,잠재력 개방
tx_QQVPQ29K6X,훈련광
tx_6HSK5W6C20,메크 연구가
tx_SJVSQJ1HZ2,스폰서 친화
tx_JMPJ6K47G9,따뜻한 리더
tx_N2W6RZDRT6,위기관리
tx_785Z4KHTFM,정보통
tx_8S9EB13XAC,협상가
tx_DC53B4M5PW,만능 감독
tx_MFYESJ59SW,시설 투자가
tx_VNR03SJKHJ,선제 운영
tx_4XZY5KHRZ5,준비된 손
tx_G3BN9YGY08,넓은 손
tx_ETRN537DKC,정밀 지휘
tx_GJ0X2PC4R9,작전 가속
tx_M54T29SWNW,짠돌이 구단
tx_7BGXQ78XMZ,고집쟁이
tx_7NJPMJ0CCZ,무뚝뚝
tx_AMWGWQJ60F,사고뭉치
tx_T16C9GBB7K,연봉 압박
tx_YESM7J9032,정보 부족
tx_Q41QQ7JC1Q,시설 노후
tx_3QS5VYW7HW,늦은 준비
tx_5MBP9BZBQG,작은 손
tx_45WMDVS2HM,둔한 지휘
tx_EV1KKPRV9X,훈련 EXP +{p1}%
tx_ZFJKYAYZP6,메크 숙련도 획득 +{p1}%
tx_EDVTV9B889,주간 스폰서 수입 +{p1}%
tx_A735T32EGT,신뢰도가 오를 때 +{p1} 더
tx_NJ8WFC7JTK,사건 발생 확률 {p1}%
tx_QWR2NXFX5M,분석 공개 단계 +{p1}
tx_E9N9BW8Q0V,샐러리캡 +{p1}
tx_6RMF7057WW,감독 스탯 여섯 모두 +{p1}
tx_ECBMZ4X60B,시설 유지비 {p1}%
tx_V233CFRMZM,경기 개시 전략 포인트 +{p1}
tx_PQ6389S0B6,첫 자동 드로우 +{p1}장
tx_3KQPNVDQG5,손패 상한 +{p1}
tx_M929F4HK8X,작전 단계마다 첫 카드 비용 {p1}
tx_YFNHSQ5GJ5,{p2}턴마다 전략 포인트 +{p1}
tx_9XWKFPH3A6,주간 스폰서 수입 {p1}%
tx_T6TSR16X7E,훈련 EXP {p1}%
tx_35AVVM2TZS,신뢰도가 오를 때 {p1} 덜
tx_GTHGAFSFYH,사건 발생 확률 +{p1}%
tx_TR33VGFNSG,샐러리캡 {p1}
tx_YBHFJVCTQZ,분석 공개 단계 {p1}
tx_53D7BPJQBK,시설 유지비 +{p1}%
tx_FNN91QZ7T0,첫 자동 드로우 {p1}장
tx_6XQ3A0Q7JP,손패 상한 {p1}
tx_6HNYQXB6DT,작전 단계마다 첫 카드 비용 +{p1}
