id,name_key,cost,uses,cast_method,target,cast_range,area,keyword,effect,description_key,scope,pool,card_type,card_cat,excl_group,charge_max,upgrade_id
1,tx_5QJ40QYDDV,6,1,range,caster,0,1,,engage:3,tx_39VBTD21YR,top|mid|jungle|support,1,pilot,engage,,0,101
2,tx_PEJVP7QE73,8,1,range,caster,0,1,,engage:4,tx_V2PKK7NWT2,top|mid|jungle|support,1,pilot,engage,,0,102
3,tx_A2X2F9VGZJ,6,1,target,enemy,1,0,,duel,tx_EC3YQQ5Z38,top|mid|jungle|support,0,pilot,engage,,0,-1
5,tx_VQ04DAZ5GJ,2,1,location,location,3,0,,move;cost_reduce_engage:1,tx_408F44KGGS,jungle,1,pilot,jungle,,0,105
6,tx_QVNB16ZNE9,0,1,location,location,1,0,reposition,move;self_cost:1,tx_NXCKS533Z5,jungle,1,pilot,jungle,,0,106
7,tx_K9P1XXAKB0,1,1,target,enemy,1,0,,attack:1,tx_ER4EDPVYGB,lane,1,pilot,attack,,0,107
8,tx_34WZMH2PMR,2,1,target,enemy,1,0,,attack:1|pierce,tx_RVEDFKNMDP,lane,1,pilot,attack,,0,108
9,tx_D3XHCJSQ2Q,3,1,target,enemy,1,0,,attack:1|repeat,tx_D517G4R707,any,1,pilot,attack,,0,109
11,tx_2GP6TTS10M,1,1,range,enemy,0,1,,advance:1,tx_G0C3P5140E,lane,1,pilot,lane,,0,111
12,tx_4H967YK04T,0,1,instant,hand,0,0,,draw:2;discard:2,tx_W35E68ZQBW,any,1,pilot,draw,,0,112
13,tx_776D3Q1Y3M,0,3,instant,hand,0,0,exhaust,draw:1;strategy:1,tx_SGE785HBXQ,any,1,pilot,draw,,0,113
14,tx_JDJEA07GWD,0,3,instant,hand,0,0,exhaust,search:1,tx_6YQZCE1XNJ,any,1,pilot,draw,,0,114
15,tx_BM5WKN24JN,0,3,instant,hand,0,0,exhaust,draw:2,tx_QRCN458YD0,any,1,pilot,draw,,0,115
16,tx_PGNJHWFBGF,0,3,instant,hand,0,0,exhaust,cost_reduce_draw_phase:1,tx_2QKZF6AP0E,any,1,pilot,draw,,0,116
17,tx_HNFK6KRS1T,2,1,instant,hand,0,0,,cost_reduce_hand:1,tx_Q0E6A1NV2N,any,1,pilot,draw,,0,117
18,tx_MAN88PYT2D,0,1,instant,hand,0,0,exhaust,strategy:4;strategy_next_phase:-2,tx_K66VVKXS4N,any,1,pilot,draw,,0,118
19,tx_KZFBJ3FEKF,2,1,instant,hand,0,0,,strategy_on_kill:4,tx_5N1FY5QTXY,any,1,pilot,draw,,0,119
21,tx_CKREJPGQ7S,0,1,target,ally,99,0,,recall_ally,tx_VTBGJF968E,any,1,pilot,utility,,0,121
22,tx_YAX3YY8PT7,2,1,target,ally,99,0,,shield_pct:20,tx_3BNP4XNPK9,any,1,pilot,defense,,0,122
23,tx_0WNZ31X07V,1,1,location,location,99,0,,steal_camp:1,tx_4FMSTMSTRG,jungle,1,pilot,jungle,,0,123
24,tx_QBTAWRVZAF,2,1,instant,hand,0,0,,retreat_turret;eva_buff:20|turns:10;growth:10|turns:10,tx_232ZDZ7E24,top|mid|carry,1,pilot,defense,,0,124
25,tx_25QEEE26EV,3,1,instant,hand,0,0,,lane_stat:10|turns:10,tx_TCT401KX2S,lane,1,pilot,lane,,0,125
26,tx_47MSP21TH1,0,1,instant,hand,0,0,,discard_hand_draw,tx_P5PQ376FBE,any,1,pilot,draw,,0,126
27,tx_JD1KWMJVTQ,0,1,instant,hand,0,0,,discard_hand;growth_until_phase:25;end_phase,tx_F7AA153FS9,any,1,pilot,draw,,0,127
28,tx_NJSN0AWSCP,1,1,instant,hand,0,0,,preserve:2,tx_M1Z6RYGV59,any,1,pilot,draw,,0,128
29,tx_BD6ASECPTG,2,1,instant,hand,0,0,,discard_right:3;draw:5,tx_38HZVJYJCF,any,1,pilot,draw,,0,129
30,tx_W6F5647KDY,4,1,instant,hand,0,0,,discard_other_pilots|strategy_each:1;draw:4,tx_8H6EH36EGS,any,1,pilot,draw,,0,130
31,tx_45XHV8YWG8,1,1,location,location,99,0,,move|own_jungle,tx_2NQ79Z541T,jungle,1,pilot,jungle,,0,131
32,tx_3KCFBW35Y2,0,1,location,location,99,0,exhaust,turret_damage:8,tx_5S3Y4PZWTS,any,0,pilot,-,,0,-1
33,tx_P0VTR51XGE,0,1,target,ally,99,0,exhaust,draw:1;growth_perm:5,tx_078XVRBVH0,any,0,pilot,-,,0,-1
34,tx_WAFRZPK7XD,1,1,instant,hand,0,0,exhaust,draw:1;growth_perm:5,tx_J9JA1A653S,any,0,pilot,draw,,0,-1
35,tx_Q8DWCC62FE,0,1,location,location,2,0,exhaust,move,tx_VYBKRVFG20,any,0,pilot,-,,0,-1
36,tx_4EB1DH0D05,1,1,instant,hand,0,0,reposition,hand_passive:gold_rush;token:1;self_cost:1,tx_88Z8A3NC37,top|mid|carry|jungle,1,pilot,growth,,0,136
37,tx_YD54GSX5PD,3,1,instant,hand,0,0,exhaust,atk_pct:5;growth_perm:7,tx_M56XC3K4QE,top|mid|carry|jungle,1,pilot,growth,,0,137
38,tx_9WR57DQ007,1,1,instant,hand,0,0,,atk_pct:5;hp_pct:5;draw:1,tx_TF7GKXEQ30,top|mid|carry|jungle,1,pilot,growth,,0,138
39,tx_ZB2RE6V177,2,1,instant,hand,0,0,,growth:15|turns:5;free_in_phase,tx_PPCM4J5N6A,top|mid|carry|jungle,1,pilot,growth,,0,139
40,tx_0HH1KWMR10,2,1,instant,hand,0,0,charge,growth:10|turns:5|charge,tx_Z818WEC9V2,top|mid|carry|jungle,1,pilot,growth,,5,140
41,tx_9EZ0RM1SJE,4,1,target,enemy,1,1,,engage:2|at_target,tx_R0XZSX92HN,top|mid|jungle|support,1,pilot,engage,,0,141
42,tx_RY4YNF2XGQ,4,1,location,location,2,0,,ambush;ambush_search:1,tx_TMRSQNE9TF,top|mid|jungle|support,1,pilot,ambush,,0,142
43,tx_8830YJ0Y2M,2,1,target,enemy,2,0,,attack:2;retaliate:2,tx_ZHFXJ9NS53,lane,1,pilot,attack,,0,143
44,tx_559D68SDYX,-1,1,instant,hand,0,0,,hand_passive:confidence,tx_XPV2PXPJM8,any,1,pilot,utility,,0,144
45,tx_H4X8Y1CT0H,-1,1,instant,hand,0,0,,hand_passive:clear_mind,tx_697BZYWAQZ,any,1,pilot,utility,,0,145
46,tx_4RNAZ0XM3Z,3,1,instant,hand,0,0,,strategy_next_phase:3;draw_next_phase:3,tx_5SCQTRV4MR,any,1,pilot,utility,,0,146
101,tx_QB61SM28PZ,5,1,range,caster,0,1,,engage:3,tx_3FSESX21J9,top|mid|jungle|support,0,pilot,engage,,0,-1
102,tx_JZ50SJ63T3,7,1,range,caster,0,1,,engage:4,tx_CBQ63MM7YW,top|mid|jungle|support,0,pilot,engage,,0,-1
105,tx_NYB7ZYHPPS,2,1,location,location,3,0,,move;cost_reduce_engage:2,tx_36WW7XPFF9,jungle,0,pilot,jungle,,0,-1
106,tx_798W2QJ3P5,0,1,location,location,2,0,reposition,move;self_cost:1,tx_CEW1SV939X,jungle,0,pilot,jungle,,0,-1
107,tx_8E1DY3VZA8,0,1,target,enemy,1,0,,attack:1,tx_HP8XQ8VYQJ,lane,0,pilot,attack,,0,-1
108,tx_217H7VTNPE,1,1,target,enemy,1,0,,attack:1|pierce,tx_9TRK49GFR3,lane,0,pilot,attack,,0,-1
109,tx_N6S9M4NWGG,2,1,target,enemy,1,0,,attack:1|repeat,tx_94BH6AYHEN,any,0,pilot,attack,,0,-1
111,tx_2GHFSBC8HJ,1,1,range,enemy,0,1,,advance:2,tx_EWN25NPTKH,lane,0,pilot,lane,,0,-1
112,tx_31PY5QXR4R,0,1,instant,hand,0,0,,draw:3;discard:2,tx_M8TADDM7JJ,any,0,pilot,draw,,0,-1
113,tx_9M0FC6C3AN,0,3,instant,hand,0,0,exhaust,draw:1;strategy:2,tx_QJMKVSTBRS,any,0,pilot,draw,,0,-1
114,tx_M82HXCWGBM,0,3,instant,hand,0,0,exhaust,search:2,tx_EF0GCJR3ZE,any,0,pilot,draw,,0,-1
115,tx_Y34VZKW71R,0,3,instant,hand,0,0,exhaust,draw:3,tx_YNHNJ0HHG1,any,0,pilot,draw,,0,-1
116,tx_EZPP3JHRDX,0,3,instant,hand,0,0,exhaust,cost_reduce_draw_phase:2,tx_EMQCJ5V6F4,any,0,pilot,draw,,0,-1
117,tx_PT8C05X6KK,1,1,instant,hand,0,0,,cost_reduce_hand:1,tx_VC7VADCPBV,any,0,pilot,draw,,0,-1
118,tx_2C8ADSMGZH,0,1,instant,hand,0,0,exhaust,strategy:5;strategy_next_phase:-2,tx_SMMBZEJNJ6,any,0,pilot,draw,,0,-1
119,tx_XAH4EA2AVK,1,1,instant,hand,0,0,,strategy_on_kill:4,tx_DJN6JA6NT0,any,0,pilot,draw,,0,-1
121,tx_RJ7WEJKPQC,0,1,target,ally,99,0,,recall_ally;draw:1,tx_W57S84RKSK,any,0,pilot,utility,,0,-1
122,tx_1MKBA7WF7W,2,1,target,ally,99,0,,shield_pct:30,tx_4JJKAPPA2X,any,0,pilot,defense,,0,-1
123,tx_6MJHTTD6N2,0,1,location,location,99,0,,steal_camp:1,tx_0ZH46SV52Z,jungle,0,pilot,jungle,,0,-1
124,tx_FPENX7791T,1,1,instant,hand,0,0,,retreat_turret;eva_buff:20|turns:10;growth:10|turns:10,tx_BGCTK1AXP8,top|mid|carry,0,pilot,defense,,0,-1
125,tx_DHE2W5VNM6,3,1,instant,hand,0,0,,lane_stat:15|turns:10,tx_73T0VKM8AG,lane,0,pilot,lane,,0,-1
126,tx_5BPD3FHMDZ,0,1,instant,hand,0,0,,discard_hand_draw;draw:1,tx_MCD0SBQJ7J,any,0,pilot,draw,,0,-1
127,tx_B1VC0MJ1ZG,0,1,instant,hand,0,0,,discard_hand;growth_until_phase:35;end_phase,tx_3C7GWQ3T74,any,0,pilot,draw,,0,-1
128,tx_S8TFH85S6D,1,1,instant,hand,0,0,,preserve:3,tx_QVDR9QKNRT,any,0,pilot,draw,,0,-1
129,tx_QGWWT8N2SW,1,1,instant,hand,0,0,,discard_right:3;draw:5,tx_W703C4A8C2,any,0,pilot,draw,,0,-1
130,tx_DXY930098C,3,1,instant,hand,0,0,,discard_other_pilots|strategy_each:1;draw:4,tx_VPTN20ZRMR,any,0,pilot,draw,,0,-1
131,tx_603C4R80RM,0,1,location,location,99,0,,move|own_jungle,tx_YMMKCCYAWN,jungle,0,pilot,jungle,,0,-1
136,tx_FXPMEZR6GH,1,1,instant,hand,0,0,reposition,hand_passive:gold_rush;token:2;self_cost:1,tx_MSD1AMRQCA,top|mid|carry|jungle,0,pilot,growth,,0,-1
137,tx_7BE22AMK9H,2,1,instant,hand,0,0,exhaust,atk_pct:5;growth_perm:7,tx_P1H18DCN6N,top|mid|carry|jungle,0,pilot,growth,,0,-1
138,tx_XTHZ7PCG9K,1,1,instant,hand,0,0,,atk_pct:8;hp_pct:8;draw:1,tx_76BX2KVFZ4,top|mid|carry|jungle,0,pilot,growth,,0,-1
139,tx_33N11SFKBM,2,1,instant,hand,0,0,,growth:20|turns:5;free_in_phase,tx_XN88VGF8SC,top|mid|carry|jungle,0,pilot,growth,,0,-1
140,tx_0TMYJMSM8J,2,1,instant,hand,0,0,charge,growth:15|turns:5|charge,tx_9RXJFTHQ2H,top|mid|carry|jungle,0,pilot,growth,,5,-1
141,tx_81N809KRQ3,3,1,target,enemy,1,1,,engage:2|at_target,tx_73WPSRR4S3,top|mid|jungle|support,0,pilot,engage,,0,-1
142,tx_QP6H2735DK,4,1,location,location,2,0,,ambush;ambush_search:2,tx_MJMMW621WF,top|mid|jungle|support,0,pilot,ambush,,0,-1
143,tx_2CMZSSAX00,2,1,target,enemy,2,0,,attack:2;retaliate:1,tx_EYXSRPZG6F,lane,0,pilot,attack,,0,-1
144,tx_3G580J7DAT,-1,1,instant,hand,0,0,,hand_passive:confidence|hit_pct:25,tx_V8TR0BZ2R9,any,0,pilot,utility,,0,-1
145,tx_AWY5AA18MG,-1,1,instant,hand,0,0,,hand_passive:clear_mind|cut:2,tx_8BVTS2D6RG,any,0,pilot,utility,,0,-1
146,tx_ATJZTWXTHK,2,1,instant,hand,0,0,,strategy_next_phase:3;draw_next_phase:3,tx_4PKW6JDBGT,any,0,pilot,utility,,0,-1
