key,value,module,note
BATTLE_RESPAWN_TURN_SCALE_DIV,10,BattleSim.gd,리스폰 턴 가산 — 경과 턴을 이 값으로 나눈 몫을 기본 리스폰에 더함 (턴)
SCORE_START,0.5,BattleSim.gd,성장치 개시값 (k)
SCORE_MIN,0.10,BattleSim.gd,성장치 하한 (k)
SCORE_FRONTLINE_PER_TURN,0.50,BattleSim.gd,전선 체류 1턴당 성장치 적립 — 성장 속도의 주 노브 (k/턴)
SCORE_JUNGLE_CAMP,0.78,BattleSim.gd,정글 캠프 1개 성장치 — 재생성 주기를 바꾸면 같은 비율로 조정 (k)
JUNGLE_CAMP_RESPAWN_TURNS,7,BattleSim.gd,정글 캠프 재생성 주기 (턴)
JUNGLE_CAMP_STALE_PER_STEP,3,BattleSim.gd,방치 할인 — 차 있는 캠프가 거리 한 칸을 되사는 데 걸리는 방치 턴 수 (턴/칸)
SCORE_KILL_BASE,1.5,BattleSim.gd,처치 기본 현상금 (k)
SCORE_KILL_BOUNTY_RATE,0.20,BattleSim.gd,피해자가 처치자 팀 평균보다 앞선 성장치에 곱해 얹는 현상금 (비율)
SCORE_ASSIST_MAX_SHARE,0.50,BattleSim.gd,어시스트 전원이 나눠 갖는 현상금 상한 (비율)
SCORE_TURRET_FULL,1.0,BattleSim.gd,포탑 한 기를 끝까지 갈아 냈을 때의 성장치 총액 — 깎은 체력 비례 분배 (k)
SCORE_ASSIST_WINDOW_TURNS,15,BattleSim.gd,처치 관여(어시스트) 인정 기간 (턴)
GROWTH_ATK_PER_SCORE,0.0833333333,BattleSim.gd,개시분을 뺀 성장치 1k 당 공격력 배율 증가 — 목표 배율 증가분 / 목표 성장치 (배율/k)
GROWTH_HP_PER_SCORE,0.0208333333,BattleSim.gd,개시분을 뺀 성장치 1k 당 최대 체력 배율 증가 — 공격력보다 느리게 (배율/k)
AI_CARD_MAX_PLAYS_PER_TURN,12,AiCardPlayer.gd,AI 가 한 차례에 낼 수 있는 최대 카드 수 — 무한 루프 백스톱 (장)
AI_CARD_CLAUSE_WEIGHT_DEFAULT,0.5,AiCardPlayer.gd,가중치 표에 없는 절의 기본 점수 (점수)
AI_CARD_COST_PENALTY,0.15,AiCardPlayer.gd,카드 비용 한 점당 깎이는 우선순위 점수 (점수/비용)
AI_CARD_JITTER,0.4,AiCardPlayer.gd,동점을 가르는 무작위 흔들림 폭 (점수)
AI_CARD_SUPPORT_HP_RATIO,0.70,AiCardPlayer.gd,회복·보호막이 제값을 하는 아군 체력 비율 — 이 위면 후순위 (비율)
AI_CARD_SUPPORT_IDLE_PENALTY,2.5,AiCardPlayer.gd,회복·보호막 후순위 감점 크기 (점수)
CARD_MAX_ATTACK_REPEATS,5,CardPhaseManager.gd,연속 공격 한 번 사용의 최대 타수 — 무한 루프 상한 (타)
CARD_GOLD_RUSH_GROWTH_PER_TOKEN,0.08,CardPhaseManager.gd,[골드러시] 토큰당 성장치 적립 배율 가산 (비율/토큰)
CARD_CONFIDENCE_HIT_BONUS,0.15,CardPhaseManager.gd,[자신감] 한 장당 전장 명중 배율 가산 (비율)
CARD_CLEAR_MIND_COST_CUT,1,CardPhaseManager.gd,[맑은 정신] 한 장이 양 옆 카드 비용을 깎는 양 (비용)
OBJ_AI_HEADCOUNT_HP_RATIO,0.20,ObjectiveSystem.gd,오브젝트 참여 판단에서 머릿수로 세는 최소 체력 비율 (비율)
OBJ_AI_MISJUDGE_DEFAULT,0.325,ObjectiveSystem.gd,match_ctx 에 값이 없을 때(단독 실행) AI 오판 확률 — OBJ_MISJUDGE_MIN/MAX 중간값과 맞춘다 (확률)
OBJ_MISJUDGE_MIN,0.05,MatchFlow.gd,리그 1위 팀의 오브젝트 오판 확률 (확률)
OBJ_MISJUDGE_MAX,0.60,MatchFlow.gd,리그 꼴찌 팀의 오브젝트 오판 확률 (확률)
TRAINING_EXP_PER_POINT,40,TrainingBoard.gd,스탯 1 포인트에 필요한 훈련 EXP (EXP)
PILOT_HIT_MIN,0.80,PilotData.gd,명중 확률 리맵 구간 하한 — hit/(hit+eva) 를 이 구간에 선형 매핑 (확률)
PILOT_HIT_MAX,1.00,PilotData.gd,명중 확률 리맵 구간 상한 (확률)
PLAYER_GROWTH_STAT_BASE,80.0,PlayerData.gd,성장 계수 배율이 정확히 1.0 이 되는 스탯 기준점 (스탯)
PLAYER_STAT_MIN,1,PlayerData.gd,선수 스탯 하한 (스탯)
ENGAGE_DUEL_MAX_ROUNDS,10,TurnEngageSim.gd,결투(1:1) 관전 페이싱용 라운드 상한 (라운드)
ENGAGE_MELEE_REACH,88,TurnEngageSim.gd,근접이 공격을 넣기 위해 좁혀야 하는 거리 (px)
ENGAGE_RANGE_RANGED,300,TurnEngageSim.gd,원거리 최대 사거리 (px)
ENGAGE_RANGED_APPROACH_RATIO,0.9,TurnEngageSim.gd,원거리가 최대 사거리의 이 비율 안까지 접근한 뒤 공격 (비율)
ENGAGE_MOVE_SPEED_MELEE,1600,TurnEngageSim.gd,근접 돌진 이동 속도 (px/s)
ENGAGE_MOVE_SPEED_RANGED,1250,TurnEngageSim.gd,원거리 돌진 이동 속도 (px/s)
ENGAGE_SETTLE_SPEED_MULT,0.85,TurnEngageSim.gd,넉백 잔차를 앵커로 추스르는 드리프트 속도 배율 (배율)
ENGAGE_ADVANCE_MAX_SEC,0.85,TurnEngageSim.gd,접근 단계 최대 시간 — 넘기면 차례를 접음 (초)
ENGAGE_STRIKE_HOLD_MELEE,0.2,TurnEngageSim.gd,근접 공격 모션 홀드 시간 (초)
ENGAGE_STRIKE_HOLD_RANGED,0.26,TurnEngageSim.gd,원거리 공격 모션 홀드 시간 — 투사체 비행 대기 포함 (초)
ENGAGE_ACTOR_GAP_SEC,0.06,TurnEngageSim.gd,한 차례가 끝나고 다음 순서로 넘어가기까지의 숨 (초)
ENGAGE_ROUND_GAP_SEC,0.45,TurnEngageSim.gd,라운드 사이의 숨 — 라운드 배너 표시 (초)
ENGAGE_TURRET_FIRE_HOLD,0.3,TurnEngageSim.gd,포탑 사격 모션 홀드 = 포탑 차례 길이 (초)
ENGAGE_KNOCK_IMPULSE_MELEE,420,TurnEngageSim.gd,근접 명중 시 대상 넉백 초기 속도 (px/s)
ENGAGE_KNOCK_IMPULSE_RANGED,150,TurnEngageSim.gd,원거리 명중 시 대상 넉백 초기 속도 (px/s)
ENGAGE_KNOCK_DAMP,9,TurnEngageSim.gd,넉백 속도 지수 감쇠 계수 (1/s)
ENGAGE_TURRET_HIT,50,TurnEngageSim.gd,포탑 명중 굴림에 쓰는 고정 hit 스탯 (스탯)
ENGAGE_PROJECTILE_SPEED,1400,TurnEngageSim.gd,투사체 비행 속도 (px/s)
ENGAGE_FOCUS_BONUS,0.78,TurnEngageSim.gd,아군이 이미 노린 적의 표적 점수에 노린 인원수만큼 거듭 곱하는 계수 (배율)
ENGAGE_FOCUS_BONUS_FLOOR,0.45,TurnEngageSim.gd,집중 사격 계수 누적의 하한 (배율)
ENGAGE_LOW_HP_FOCUS,0.6,TurnEngageSim.gd,빈사 적 마무리 가중 — 표적 점수에 곱함 (배율)
ENGAGE_DIVE_FOCUS,0.4,TurnEngageSim.gd,암살자가 적 원거리에 주는 표적 가중 — 낮을수록 집요 (배율)
ENGAGE_CONTEMPT_DMG_MULT,0.5,TurnEngageSim.gd,약자 멸시 개시 타격의 공격력 배율 (배율)
ENGAGE_END_HOLD_SEC,2,EngagePhaseManager.gd,종료 판정 → 결과 대시보드 사이 유예 (초)
ENGAGE_LOW_HP_FOCUS_RATIO,0.35,TurnEngageSim.gd,빈사 판정 체력 비율 문턱 — 이 아래의 적에게 ENGAGE_LOW_HP_FOCUS 가중 (비율)
SKILL_LATE_GAME_TURN,50,PilotSkillSystem.gd,후반 분기 패시브(노련함·불안정한 대포·백본)가 강해지는 턴 (턴)
SKILL_PERFORMANCE_PER_CHARGE,0.02,PilotSkillSystem.gd,퍼포먼스 — 충전 1당 모든 능력치 배율 가산 (비율)
SKILL_PERFORMANCE_DEATH_LOSS,10,PilotSkillSystem.gd,퍼포먼스 — 사망 시 잃는 충전 (충전)
SKILL_ACCUMULATE_PER_CHARGE,0.01,PilotSkillSystem.gd,축적 — 충전 1당 성장 적립 배율 가산 (비율)
SKILL_SURGE_HIT_PER_CHARGE,0.05,PilotSkillSystem.gd,몰아치기 — 충전 1당 전장 명중률 배율 가산 (비율)
SKILL_LOOT_ATK_PER_CHARGE,0.06,PilotSkillSystem.gd,전리품 수집가 — 처치 관여한 적 역할 하나당 공격력 배율 가산 (비율)
SKILL_LOOT_ATK_FULL_BONUS,0.10,PilotSkillSystem.gd,전리품 수집가 — 다섯 역할을 다 모았을 때 추가 공격력 배율 (비율)
SKILL_HUNT_REWARD_RATE,0.25,PilotSkillSystem.gd,사냥의 보상 — 처치 관여 시 성장 적립 가산 (비율)
SKILL_HUNT_REWARD_TURNS,15,PilotSkillSystem.gd,사냥의 보상 — 가산 지속 (턴)
SKILL_HOLD_TURNS,20,PilotSkillSystem.gd,위치 고정 — 지속 (턴)
SKILL_HOLD_GROWTH_RATE,0.20,PilotSkillSystem.gd,위치 고정 — 성장 적립 가산 (비율)
SKILL_HOLD_LANE_STAT,-0.20,PilotSkillSystem.gd,위치 고정 — 라인전 배율 가산(음수 = 감소) (비율)
SKILL_VETERAN_HIT_EARLY,0.10,PilotSkillSystem.gd,노련함 — 전반 명중 배율 가산 (비율)
SKILL_VETERAN_HIT_LATE,0.20,PilotSkillSystem.gd,노련함 — 후반 명중 배율 가산 (비율)
SKILL_VETERAN_EVASION,-0.05,PilotSkillSystem.gd,노련함 — 회피 배율 가산(음수 = 감소) (비율)
SKILL_CANNON_EARLY,0.10,PilotSkillSystem.gd,불안정한 대포 — 전반 주고받는 피해 배율 가산(양방향) (비율)
SKILL_CANNON_LATE,0.20,PilotSkillSystem.gd,불안정한 대포 — 후반 주고받는 피해 배율 가산(양방향) (비율)
SKILL_BACKBONE_LANE_STAT,0.20,PilotSkillSystem.gd,백본 — 후반 라인전 배율 가산 (비율)
SKILL_VERSATILE_MULT,0.20,PilotSkillSystem.gd,만능 — 체력형/공격형 각각의 배율 가산 (비율)
SKILL_ADC_HUNTER_ATK,0.20,PilotSkillSystem.gd,원딜 사냥꾼 — 적 원딜을 노릴 때 공격력 배율 가산 (비율)
SKILL_RIVALRY_GROWTH,0.10,PilotSkillSystem.gd,경쟁 심리 — 성장 비교 항목 가산 (비율)
SKILL_RIVALRY_ATK,0.10,PilotSkillSystem.gd,경쟁 심리 — 공격력 비교 항목 가산 (비율)
SKILL_RIVALRY_HP,0.10,PilotSkillSystem.gd,경쟁 심리 — 체력 비교 항목 가산 (비율)
SKILL_BATTLE_ORDER_DISCOUNT,3,PilotSkillSystem.gd,전투 명령 — 이번 작전 단계 전투 개시 비용 감소 (전략 점수)
SKILL_BATTLE_ORDER_ROUNDS,-1,PilotSkillSystem.gd,전투 명령 — 이번 작전 단계 교전 라운드 증감 (라운드)
SKILL_SIEGE_ROUNDS,3,PilotSkillSystem.gd,공성전 — 다음 전투 개시 카드에 얹는 라운드 (라운드)
SKILL_OPPORTUNIST_ROUNDS,1,PilotSkillSystem.gd,기회주의자 — 교전 중 처치가 그 교전에 얹는 라운드 (라운드)
SKILL_BLESSING_STRATEGY,3,PilotSkillSystem.gd,용의 가호 — 활성화 시 얻는 전략 점수 (점)
SKILL_BLESSING_DRAW,2,PilotSkillSystem.gd,용의 가호 — 활성화 시 드로우 수 (장)
MECH_VULNERABLE_PER_STACK,0.01,MechSkillSystem.gd,취약 1당 받는 피해 배율 가산 (비율)
MECH_REACTIVE_ARMOR_CUT,0.90,MechSkillSystem.gd,반응 장갑이 한 번에 깎아 내는 피해 비율 (비율)
MECH_OVERCLOCK_PROC_PER_CHARGE,0.01,MechSkillSystem.gd,오버클럭 — 충전 1당 교전 추가 공격 확률 (확률)
MECH_CASH_RATE,0.04,MechSkillSystem.gd,캐시 — 카드 한 장 나갈 때마다 보유자가 버는 자기 성장치 비율 (비율)
MECH_SCORE_COST_UNIT,0.01,MechSkillSystem.gd,score_cost:N 의 N 하나가 성장치(k)로 얼마인지 환산 계수 (k/단위)
MECH_PHASE_BOON_BETA_CHARGE,100,MechSkillSystem.gd,단계 C 강화 [베타] — 다음 [단계 B] 사용 시 들어오는 충전 (충전)
MECH_PHASE_BOON_GAMMA_RATE,0.10,MechSkillSystem.gd,단계 C 강화 [감마] — 다음 [단계 C] 사용 시 버는 자기 성장치 비율 (비율)
RUN_SCORE_PER_PHASE,100,RunResult.gd,런 점수 — 끝낸 페이즈 하나당 (실패 · 포기한 페이즈는 제외) (점)
RUN_SCORE_PER_WIN,10,RunResult.gd,런 점수 — 내 경기 승리 한 번당 (점)
RUN_SCORE_PER_TITLE,200,RunResult.gd,런 점수 — 대회(플레이오프 · INTL) 우승 한 번당 (점)
RUN_SCORE_CLEAR_BONUS,500,RunResult.gd,런 점수 — 6개 대회 전승(엔딩) 보너스 (점)
RUN_CURRENCY_PER_SCORE,0.10,RunResult.gd,아웃게임 재화 = 런 점수 × 이 값 (내림) (재화/점)
RUN_MGR_EXP_PER_SCORE,0.50,RunResult.gd,감독 EXP = 런 점수 × 이 값 (내림) (EXP/점)
MVP_KILL_MULT,1.5,RunStats.gd,MVP 지표 — 탑 · 정글 · 미드 · 원딜의 킬 가중 배수 ((1.5k+a)/d 의 1.5) (배)
MVP_ASSIST_MULT_SUP,1.5,RunStats.gd,MVP 지표 — 서폿의 어시스트 가중 배수 ((k+1.5a)/d 의 1.5) (배)
MVP_W_KDA,10,RunStats.gd,MVP 지표 1순위 항목 가중치 — KDA 항 (점/단위)
MVP_W_DMG,0.02,RunStats.gd,MVP 지표 2순위 항목 가중치 — 딜량/d (탑 · 정글 · 미드 · 원딜) (점/피해)
MVP_W_TANK,0.01,RunStats.gd,MVP 지표 3순위 항목 가중치 — 받은 피해/d (탑 전용) (점/피해)
MVP_W_SUP_CARE,0.02,RunStats.gd,MVP 지표 2순위 항목 가중치 — (보호막 흡수 + 아군 회복 + 받은 피해)/d (서폿) (점/양)
POM_W_MVP,100,RunStats.gd,페이즈 POM 점수 — 그 페이즈 경기 MVP 한 번당 (점)
POM_W_SCORE,1,RunStats.gd,페이즈 POM 점수 — 그 페이즈 MVP 지표 점수 합의 배수 (배)
