id,team_id,name_key,role,field_hit,field_eva,engage_hit,engage_eva,atk_growth,hp_growth,pilot_cards,main_mechs,mech_pref
100,100,tx_9GRTGADGJE,0,90,86,88,90,89,88,7|25|19,0|1,
101,100,tx_F07J7ARPAE,1,86,88,90,87,88,84,2|21|18,6|7,
102,100,tx_QSQ2P3RJ17,2,93,92,94,90,92,92,16|13|15,12|13,
103,100,tx_7HN5M1MAB3,3,76,100,84,88,86,86,46|29|2,18|19,
104,100,tx_ZWR8EZKW8C,4,100,78,92,87,90,86,26|11|37,24|25,
105,101,tx_RP50XN9RBG,0,82,78,80,82,81,80,21|27|11,1|2,
106,101,tx_HJ6ZBQRZW7,1,80,82,84,83,84,76,19|11|44,7|8,
107,101,tx_YS11SNHY9S,2,86,86,84,85,84,84,36|45|5,13|14,
108,101,tx_NRF6V6XZBF,3,70,94,78,82,80,80,30|21|11,19|20,
109,101,tx_D66BJNK5G1,4,96,72,88,82,85,80,15|21|37,25|26,
110,102,tx_578RKVPGWF,0,84,80,82,84,83,82,8|1|25,2|0,
111,102,tx_ES8Y72RP2B,1,82,84,86,84,85,80,43|26|21,8|9,
112,102,tx_BAYWN5XVPX,2,88,86,86,84,85,86,12|26|16,14|15,
113,102,tx_TTMXMPNE5R,3,72,96,82,86,84,84,42|27|41,20|21,
114,102,tx_KYKTG5BE73,4,98,76,90,84,87,82,30|28|18,26|27,
115,103,tx_AZTNGJ0GYB,0,76,72,74,76,75,72,12|22|21,0|2,
116,103,tx_RAFKQ292R5,1,72,74,76,75,76,68,22|18|15,9|6,
117,103,tx_CPVAV7P855,2,80,80,78,78,78,76,45|26|27,15|12,
118,103,tx_8N33ZY2DJS,3,64,90,72,78,75,80,22|42|7,21|22,
119,103,tx_BX7B0VT9RG,4,90,66,82,76,79,72,24|39|27,27|28,
