id,mech_id,name_key,count,cost,cast_method,target,cast_range,area,keyword,charge_max,effect,trigger,description_key
1,24,tx_PVJBQ802WT,1,4,instant,hand,0,0,,0,attack:1|all,,tx_JNPQN78JF0
2,24,tx_8HP8T7ZWJH,1,2,target,foe,2,0,,0,attack:1,,tx_2EM7FR668Z
3,24,tx_KQRS8C28PV,3,4,location,turret_outer,99,0,exhaust,0,attack:1|line,turret_kill_deck,tx_8J7JZK60VJ
4,25,tx_DPCYQYKM8T,1,-1,instant,hand,0,0,,0,hand_passive:cash,,tx_688W5MT4FK
5,25,tx_6X0N6HY2V2,1,2,instant,hand,0,0,,0,search_discard:1,,tx_G8M4271EMY
6,25,tx_VT0YVFSN1B,1,4,target,foe,3,0,,0,attack:1;on_hit;strategy:2;search_card:4,,tx_V7VRGW4E2A
7,26,tx_GMD6681QQ4,1,4,target,foe,2,0,charge,3,attack:1|area:0|charge,,tx_EBV4NATSF5
8,26,tx_Q85FY4H0Y8,1,1,instant,hand,0,0,,0,search_card:7|count:2,,tx_SMQK1K7KVW
9,26,tx_RKWEKBZBK8,1,4,target,enemy,99,1,,0,attack:1|area:1;gen_hand:7|per_hit|temp,,tx_2HPG2AS40R
10,27,tx_XATHQH86HE,1,4,instant,hand,0,0,charge,5,attack:1|random|charge,,tx_6X4HNDCZ2C
11,27,tx_4X8T8S6HGE,1,-1,instant,hand,0,0,,0,hand_passive:revelation,,tx_YWSFNSENS1
12,27,tx_DSQ6CGA6S8,1,2,target,ally,99,0,exhaust,0,link_engage,,tx_Z2YW81TPE6
13,28,tx_THF0ZYMN9Q,0,0,instant,hand,0,0,volatile|exhaust,0,attack:1|damaged,,tx_C4VPQGSWCK
14,28,tx_TE0PSTKJJM,1,2,instant,hand,0,0,,0,attack:1|self_range:2;on_hit;gen_hand:13,,tx_448B4T57NE
15,28,tx_2EEB6BCGKR,1,5,target,enemy,99,1,,0,attack:1|area:1;on_hit;gen_hand:13,,tx_EPR6SV4YCM
16,6,tx_8NQX0Y68PC,0,0,instant,hand,0,0,exhaust,0,draw:3;strategy:2,,tx_FH052PHKSD
17,6,tx_EYQZNE1NW1,1,6,target,enemy,3,0,,0,engage:3|at_target|move_in,,tx_NVNVNRV9CV
18,6,tx_SYV9E33WRX,2,0,location,location,2,0,,0,move|own_jungle,,tx_DA9WK7H4XT
19,7,tx_2AMBFQ5DN2,0,0,location,turret_any,99,0,volatile|exhaust,0,attack:1|turret_only,,tx_NNZJRNHF9P
20,7,tx_4VKA1Y7X0Q,1,6,range,caster,3,0,,0,engage:4|self_range:3;gen_hand:19|per_kill,,tx_CGVRKSDCVG
21,7,tx_M0YVRG1RY0,2,2,instant,hand,0,0,,0,push:2|bonus_clear:1,,tx_GNVN8SF4TQ
22,8,tx_6W8DBNDV81,0,4,target,foe,2,0,preserve|exhaust,0,execute:25|charge:5,,tx_YQZZ1NX7CW
23,8,tx_MXK061W02J,1,2,target,foe,1,0,,0,attack:1;on_hit;draw:1;charge:1,,tx_A7SQ01XZXJ
24,8,tx_J6V9YT8GXW,1,4,location,location,2,0,,0,move|own_jungle;attack:1|self_range:1;charge:1|per_hit,,tx_49DTSHJHEX
25,9,tx_BMYF028YP6,1,3,target,enemy,2,0,,0,attack:2,,tx_2V3BT9STT6
26,9,tx_5VW7ZEACKY,1,3,target,enemy,1,0,,0,engage:0|at_target|charge_rounds,,tx_DKVGQXAXNA
27,9,tx_T8YHK4E2EB,1,2,instant,hand,0,0,,0,attack:1|self_range:1;charge:1|per_hit;heal_pct:10|per_hit|self,,tx_WTZJ53SNH7
28,0,tx_N4Q0ZN5CKN,1,2,instant,hand,0,0,,0,max_hp:20|self,,tx_YPM1FF88MR
29,0,tx_PE59R89094,1,3,target,enemy,99,0,,0,attack:1;on_hit;track:15,,tx_D33QNEYP5R
30,0,tx_JK7E7DN4BE,1,8,target,enemy,99,0,,0,engage:3|at_target|drop_in,,tx_4DX9VJS0JB
31,1,tx_FP78KQF9QK,1,3,target,ally,1,0,,0,heal_pct:30;reactive_armor:1,,tx_QTKR6R244D
32,1,tx_B9N6G19DSX,1,4,instant,hand,0,0,,0,attack:1|self_range:1|pierce;reactive_armor:1|per_hit|self,,tx_B49ZJVCFRB
33,1,tx_V9DQHRBMYN,1,8,range,caster,2,0,,0,engage:5|self_range:2,,tx_0RC6TG6RCS
34,2,tx_MT4DPTB5BA,2,3,target,enemy,1,0,exhaust,0,mutual_attack:2,,tx_9H6E53W0EW
35,2,tx_4A6WP192BM,0,4,instant,hand,0,0,,0,taunt_all;strategy:4,,tx_AX7SP29R5Z
36,2,tx_E1TWPB7RZ8,1,8,range,caster,2,0,,0,engage:4|self_range:2,,tx_4RPBKVD2TC
37,12,tx_EB81ECXPRB,3,0,instant,hand,0,0,exhaust,0,charge:50;search_card:38,,tx_YT04HJAVXS
38,12,tx_ZEH286E1N2,1,2,target,enemy,99,0,exhaust,0,gen_deck:39;mark_target:15,,tx_K2W48C2P3K
39,12,tx_87G2EA5213,0,5,instant,hand,0,0,exhaust,0,engage:3|at_marked;phase_b,,tx_JCFDKSCVXT
40,12,tx_M1BAEN8BYC,0,0,instant,hand,0,0,exhaust,0,gen_deck:38;phase_c,,tx_5198GDXGZX
41,13,tx_17WNW2JVNR,1,-1,instant,hand,0,0,charge,3,hand_passive:contempt,,tx_R3NMXP56CN
42,13,tx_J5SCAYXA66,1,6,location,location,2,0,,0,search_card:41;move;engage:3|self_range:1,,tx_BCN9HQ1Y7D
43,13,tx_F2HAFV98VN,1,2,location,location,2,0,,0,move;attack:1|self_range:1,,tx_8FMSQ09F35
44,14,tx_4H3F9C9KFN,3,0,instant,hand,0,0,exhaust,0,discard_left;draw_discarded,,tx_FRGPH6CYX7
45,14,tx_J9NRQG1N25,1,2,target,enemy,99,0,,0,discard_right:2;draw:2;attack:1;move_to_target,,tx_HBEZ5EBKC0
46,14,tx_ZV6V2XKA44,1,2,instant,hand,0,0,,0,discard_right:2;attack:1|damaged,,tx_FVZW5PXN3H
47,15,tx_FAFVJM0TBH,1,2,target,enemy,99,0,,0,move_target:1,,tx_HP6SF4N2PN
48,15,tx_84JWQKBGDZ,1,6,instant,hand,0,0,,0,pull_to_caster|self_range:2;engage:4|self_range:1,,tx_PKYA2BZD4J
49,15,tx_9BBJK7Y68S,1,4,target,pilot,99,0,,0,growth_link:5,,tx_52YX26E4KK
50,18,tx_7BKZ7W8YS1,1,2,target,ally,99,0,exhaust,0,heal_pct:30;attack:1|around_target:1,death_hand,tx_77KHMP4PZV
51,18,tx_Y7TG0Z5CFY,1,2,instant,hand,0,0,,0,discard:1;gen_deck:50,,tx_ZS7CFWQ0VS
52,18,tx_RKCAYN4VKF,1,6,target,enemy,2,0,,0,attack:1;on_hit;engage:3|at_target;on_miss;strategy:4,,tx_FYQ04QVGFD
53,19,tx_TFAGZYXVFR,2,2,target,ally,99,0,,0,shield_atk:200,,tx_71ZZ55QRCS
54,19,tx_J4H3QBV4P8,1,2,instant,hand,0,0,,0,shield_atk:200|all_allies,,tx_GC8TZWVVQ1
55,20,tx_BFZN83RPEC,1,1,target,ally,99,0,,0,stun_next,,tx_JCJTQREPN3
56,20,tx_QCH88K6QVX,1,2,target,enemy,1,0,,0,attack:1;on_hit;no_engage_phase,,tx_3EM1YTK1F0
57,20,tx_YKWHPG7YP8,1,0,instant,hand,0,0,,0,draw_discard:3|cost_reduce:1,,tx_HNMHMDJQAW
58,21,tx_1JSMR4TT01,1,-1,instant,hand,0,0,,0,hand_passive:balance,,tx_P31PSDYTQK
59,21,tx_R9RC49NARQ,1,3,target,ally,99,0,,0,score_cost:100;growth_eff:20,,tx_XW6K7VHSXD
60,21,tx_Z7NQX4ERZG,1,2,target,ally,99,0,,0,score_cost:100;max_hp:20,,tx_3X4DE25KTY
61,21,tx_C9883APGKW,1,2,target,ally,99,0,,0,score_cost:100;atk_add:2,,tx_EPJQNJA7F7
62,22,tx_3SCCR3H088,1,4,target,enemy,99,0,,0,dmg_taken:25;bounty:10,,tx_RHE0637Z32
63,22,tx_Y7VQ3CF1M8,1,3,target,enemy,1,0,,0,attack_bounty:2,,tx_70N6FJ3FJ0
64,22,tx_VADKXBYWKY,1,8,target,enemy,2,0,,0,pull_to_caster;engage:3|self_range:1,,tx_1MFHFCFRJE
