id,mech_id,level,target,param,card_id,value,desc_key
1,0,3,passive,p1,-1,-2,tx_A91DQR5EYH
2,0,4,card,,28,0,tx_0VZTRKKM1T
3,0,5,card,,30,0,tx_CECSHTRHDG
4,1,3,card,,31,0,tx_328S8KKGN4
5,1,4,passive,p1,-1,1,tx_6M87RVZT2D
6,1,5,card,,33,0,tx_FG3ZVVET6B
7,2,3,passive,p1,-1,5,tx_NZS28E1GKD
8,2,4,card,,34,0,tx_FFFTHZKAK1
9,2,5,card,,36,0,tx_J0T8P7H58F
10,6,3,card,,16,0,tx_QH1GNFF2MM
11,6,4,card,,17,0,tx_SBHCNS7K9N
12,6,5,card,,18,0,tx_QTRMPCC4SB
13,7,3,card,,21,0,tx_EGKG3JJ9SE
14,7,4,card,,20,0,tx_SWBDM0T8D7
15,7,5,card,,19,0,tx_2PSN6X1VRJ
16,8,3,card,,23,0,tx_6W4MM80MXJ
17,8,4,card,,24,0,tx_W0PWZST0Q2
18,8,5,card,,22,0,tx_FXE2HDHMWH
19,9,3,passive,p2,-1,2,tx_G9DS4C9C47
20,9,4,card,,25,0,tx_3SKY26YB5B
21,9,5,passive,p1,-1,1,tx_7ME1P4A18W
22,12,3,passive,p1,-1,20,tx_B3CJM381VE
23,12,4,card,,37,0,tx_P4CQ08BM5X
24,12,5,card,,39,0,tx_G2KTCFPKVJ
25,13,3,card,,43,0,tx_EFJ7BQ4J0N
26,13,4,card,,41,0,tx_FNMB3W7P31
27,13,5,card,,42,0,tx_PNDT9NM8SV
28,14,3,passive,p2,-1,-1,tx_CFB9HRWCCR
29,14,4,card,,45,0,tx_G2YHSKQHH4
30,14,5,card,,46,0,tx_GH8XBN12YF
31,15,3,card,,47,0,tx_FBDR27NRJT
32,15,4,card,,49,0,tx_4R7YVAHY1R
33,15,5,card,,48,0,tx_1Y4GQW54HV
34,18,3,card,,51,0,tx_5NCH55X9MV
35,18,4,card,,50,0,tx_JEXZATQ284
36,18,5,card,,52,0,tx_6M9QB8SER9
37,19,3,card,,53,0,tx_P6NFN40F99
38,19,4,card,,54,0,tx_VP05EWZ56R
39,19,5,card,,153,0,tx_XVQS59TH2N
40,20,3,card,,56,0,tx_TZYYS9ERHF
41,20,4,card,,57,0,tx_FYY48D8123
42,20,5,card,,55,0,tx_GE9HFV4Z0Y
43,21,3,card,,60,0,tx_FFM4WFQSCN
44,21,4,card,,61,0,tx_XHZ0BYXBW7
45,21,5,card,,59,0,tx_E8P091AQP0
46,22,3,card,,63,0,tx_JWGQ0QQNER
47,22,4,card,,62,0,tx_AD4256R4W5
48,22,5,card,,64,0,tx_1NXM43KXVJ
49,24,3,passive,p1,-1,5,tx_2TF6YWR0M5
50,24,4,card,,2,0,tx_M6PZ23YC9J
51,24,5,card,,1,0,tx_XSGEQVRV9G
52,25,3,card,,5,0,tx_F1FCA1PFVX
53,25,4,card,,6,0,tx_DMVNB14BNK
54,25,5,card,,105,0,tx_4YJ1SVHVZS
55,26,3,card,,7,0,tx_WMFRSAF3YM
56,26,4,card,,8,0,tx_TPWWDZTVMF
57,26,5,card,,9,0,tx_1469HV9AHA
58,27,3,card,,12,0,tx_17FVFFR8CY
59,27,4,card,,10,0,tx_VEMW7S91CA
60,27,5,card,,110,0,tx_282RP86MJR
61,28,3,passive,p1,-1,1,tx_NDKXMX6EB0
62,28,4,card,,14,0,tx_XWA7EKFJNA
63,28,5,card,,15,0,tx_PBWDAW1MZ6
