id,mech_id,key,name_key,p1,p2,keyword,description_key
0,0,bulk_power,tx_MR5VKS3AHG,10,0,growth,tx_FMKZ4AXNYJ
1,1,reactive_plating,tx_C214C4GTV6,2,0,engage,tx_5D0P0RCSAY
2,2,pain_pleasure,tx_4AGJGY73MM,20,0,growth|turret_kill,tx_1VX47RFC55
3,6,victory_report,tx_MT24Q830S3,0,0,objective,tx_6KZJ3QWJ75
4,7,demolition_order,tx_4QD00Q1TF5,0,0,objective,tx_PE2EVQDEA5
5,8,execution_charge,tx_6ED3M3XZ0S,0,5,kill_assist|turret_kill,tx_BNYYR6W86Q
6,9,soul_harvest,tx_SV27886566,1,5,growth,tx_PHQRA5X740
7,12,overclock,tx_2E4NTSV8ET,20,100,engage,tx_CPZSE06A20
8,14,zen_charge,tx_HDRMB8HM1E,0,6,combat,tx_TX22RY527N
9,19,guardian_link,tx_J55MTA5JTE,0,0,support,tx_9J4RSF40T1
10,22,last_stand,tx_Y5NA1D3VMR,0,0,engage,tx_JWM1NSSZC2
11,24,vulnerability_mark,tx_Z6MVYR47TV,10,0,vulnerable,tx_D3R65NAFJ7
12,26,missile_stock,tx_TXJ30QM4CZ,0,0,turret_kill,tx_5SM31D1TN4
13,27,barrage,tx_F0QY3T3051,0,0,engage,tx_EZ2X9YFAAV
14,28,calibration,tx_PJ1NF26FT4,1,0,growth,tx_8F16MH3WCH
