id,name_key,role,hp,atk,presence
0,tx_Z24XGMJ5JX,0,220,7,4
1,tx_RBX8B7058H,0,200,8,4
2,tx_M89YA062NF,0,240,6,4
6,tx_GGJEWEG94S,1,160,14,4
7,tx_J5EE79WPV8,1,145,16,4
8,tx_W22P7Z4HZW,1,170,13,4
9,tx_ANF9YP2GPF,1,155,15,4
12,tx_5R2STKZ5D0,2,90,26,4
13,tx_5X7AC4QF0A,2,85,28,4
14,tx_CVK6DX95NY,2,100,24,4
15,tx_41V98MQ2XB,2,80,30,4
18,tx_A8C1G1YY2A,3,130,9,2
19,tx_Y3VQ5FBM8R,3,120,10,2
20,tx_F0KPNNB2XQ,3,140,8,2
21,tx_VP2TEEDYJH,3,115,11,2
22,tx_GKQSB786K8,3,135,9,2
24,tx_FC4KKM02YT,4,75,24,2
25,tx_Z7FS3ZHJT5,4,85,22,2
26,tx_D59GX22TXW,4,90,21,2
27,tx_70SB2CZWJ3,4,80,12,2
28,tx_ZANV15GN4C,4,95,20,2
