id,event_id,slot,choice,branch,seq,text_key
I01_L0,I01,line,,,0,tx_6B0387STJ7
I01_L1,I01,line,,,1,tx_AM70RNN3NK
I01_C0,I01,choice,0,,0,tx_1B2FTBE9GG
I01_C0_S0,I01,say,0,ok,0,tx_48N9MF6RV5
I01_C0_S1,I01,say,0,ng,1,tx_WP06YDK06B
I01_C1,I01,choice,1,,0,tx_WJ5TREQ3BC
I01_C1_S0,I01,say,1,,0,tx_VV0A0EVHAY
I01_C2,I01,choice,2,,0,tx_1X2B47DWQ3
I01_C2_S0,I01,say,2,ok,0,tx_ED10T0HFR0
I01_C2_S1,I01,say,2,ng,1,tx_K1V8QJF4Y5
I02_L0,I02,line,,,0,tx_1CPVWDA18R
I02_L1,I02,line,,,1,tx_JW3ZR4FH5H
I02_C0,I02,choice,0,,0,tx_5DEH79C5GB
I02_C0_S0,I02,say,0,,0,tx_ZMTV822S4Y
I02_C1,I02,choice,1,,0,tx_YAASP14DWH
I02_C1_S0,I02,say,1,ok,0,tx_9BHCVW9YNG
I02_C1_S1,I02,say,1,ng,1,tx_4K7PMF0CTS
I02_C2,I02,choice,2,,0,tx_5BHYSFRM5N
I02_C2_S0,I02,say,2,,0,tx_2JF1XQTRBV
I03_L0,I03,line,,,0,tx_V6GPYM35Q9
I03_L1,I03,line,,,1,tx_S9N27KZ07P
I03_C0,I03,choice,0,,0,tx_EJ7VCANJPA
I03_C0_S0,I03,say,0,ok,0,tx_NYCC2N1YN7
I03_C0_S1,I03,say,0,ng,1,tx_YSM850FB2Q
I03_C1,I03,choice,1,,0,tx_RP666CH6XT
I03_C1_S0,I03,say,1,,0,tx_35FX61X2B1
I03_C2,I03,choice,2,,0,tx_BP677QYFMD
I03_C2_S0,I03,say,2,,0,tx_ZE0YD1YJJ1
I04_L0,I04,line,,,0,tx_FYCJJ621RP
I04_L1,I04,line,,,1,tx_44WNKWCF0Q
I04_C0,I04,choice,0,,0,tx_YXQ9JZ99CX
I04_C0_S0,I04,say,0,,0,tx_5RBZ3H1QK4
I04_C1,I04,choice,1,,0,tx_ZW7ABD3PK6
I04_C1_S0,I04,say,1,,0,tx_CZTG20MJRZ
I05_L0,I05,line,,,0,tx_SZSZ9SK6PP
I05_L1,I05,line,,,1,tx_CC0C262GQV
I05_C0,I05,choice,0,,0,tx_EQVJZVZWBA
I05_C0_S0,I05,say,0,,0,tx_CRAKZ7QZZF
I05_C1,I05,choice,1,,0,tx_ARHE237C2Y
I05_C1_S0,I05,say,1,ok,0,tx_JAGWYSADZH
I05_C1_S1,I05,say,1,ng,1,tx_CFGTJNDY96
I05_C2,I05,choice,2,,0,tx_W4H0DGS42F
I05_C2_S0,I05,say,2,ok,0,tx_1C336S6DGY
I05_C2_S1,I05,say,2,ng,1,tx_GY5JEJMNF7
I06_L0,I06,line,,,0,tx_RGWF3DMKV7
I06_L1,I06,line,,,1,tx_23B1M1PJV3
I06_C0,I06,choice,0,,0,tx_JR4PPVR44J
I06_C0_S0,I06,say,0,ok,0,tx_M49CCEXF3J
I06_C0_S1,I06,say,0,ng,1,tx_BFX6P7HZC6
I06_C1,I06,choice,1,,0,tx_KNMC8SJ4F6
I06_C1_S0,I06,say,1,,0,tx_9P56A227PG
I07_L0,I07,line,,,0,tx_9K2WQJFBV6
I07_L1,I07,line,,,1,tx_Z4YG0SF1X4
I07_C0,I07,choice,0,,0,tx_WTGF97FE0Q
I07_C0_S0,I07,say,0,,0,tx_G7WD30HCYJ
I07_C1,I07,choice,1,,0,tx_S30MDGJ6Z5
I07_C1_S0,I07,say,1,ok,0,tx_6KKJGVY753
I07_C1_S1,I07,say,1,ng,1,tx_30HEHYEC9J
I08_L0,I08,line,,,0,tx_SSAGPXXYD9
I08_L1,I08,line,,,1,tx_FN975WS5YD
I08_C0,I08,choice,0,,0,tx_2NV4JX11MT
I08_C0_S0,I08,say,0,,0,tx_P67P37P2RB
I08_C1,I08,choice,1,,0,tx_EJYBH0Y9CX
I08_C1_S0,I08,say,1,,0,tx_XRK13YD0CN
I09_L0,I09,line,,,0,tx_958PSH9C4Y
I09_L1,I09,line,,,1,tx_CCE94CWN8B
I09_C0,I09,choice,0,,0,tx_ZW8N3789R1
I09_C0_S0,I09,say,0,ok,0,tx_FHF5CMQCCH
I09_C0_S1,I09,say,0,ng,1,tx_7NCJPD2KFD
I09_C1,I09,choice,1,,0,tx_AWMY88ECD0
I09_C1_S0,I09,say,1,,0,tx_E3WRWX701P
O1_L0,O1,line,,,0,tx_T30BM4D7NT
O1_L1,O1,line,,,1,tx_1BPTG2NM2R
O1_L2,O1,line,,,2,tx_3EH8JA2G62
O1_C0,O1,choice,0,,0,tx_3A4EWPY145
O1_C0_S0,O1,say,0,,0,tx_MS9GKZDC9X
O1_C1,O1,choice,1,,0,tx_6YRE7VKYN5
O1_C1_S0,O1,say,1,,0,tx_4ABM05400H
O1F_L0,O1F,line,,,0,tx_QEW41C5PV5
O1F_L1,O1F,line,,,1,tx_F215SG8Y5W
O1F_L2,O1F,line,,,2,tx_DXQEAST8SV
O1F_C0,O1F,choice,0,,0,tx_Q9SR8VEEN1
O1F_C0_S0,O1F,say,0,,0,tx_MS3Y62CXMT
O1F_C1,O1F,choice,1,,0,tx_Y0GV1HHPP3
O1F_C1_S0,O1F,say,1,,0,tx_E0JMP0GP6W
O2_L0,O2,line,,,0,tx_JY2JHZH868
O2_L1,O2,line,,,1,tx_Q5Q53B8P1T
O2_L2,O2,line,,,2,tx_SEFJHSWNT2
O2_C0,O2,choice,0,,0,tx_0ZY64X9R03
O2_C0_S0,O2,say,0,,0,tx_SF4YB14SGZ
O2_C1,O2,choice,1,,0,tx_CBJC9VMW6S
O2_C1_S0,O2,say,1,,0,tx_83GHKYM5SD
O3_L0,O3,line,,,0,tx_JKMD1GKD5W
O3_L1,O3,line,,,1,tx_9SEFVWVPSC
O3_L2,O3,line,,,2,tx_CZH49E2DAN
O3_C0,O3,choice,0,,0,tx_Y4CXB8RYV6
O3_C0_S0,O3,say,0,,0,tx_0BYKZP1PRM
O3_C1,O3,choice,1,,0,tx_BH96SZD58F
O3_C1_S0,O3,say,1,,0,tx_0X876SBFP8
O4_L0,O4,line,,,0,tx_51KW7319E7
O4_L1,O4,line,,,1,tx_PA4SJ6BKAE
O4_L2,O4,line,,,2,tx_XFYXSZ3FTG
O4_C0,O4,choice,0,,0,tx_XHS612Q874
O4_C0_S0,O4,say,0,,0,tx_MZEKQ3RS1F
O4_C1,O4,choice,1,,0,tx_5C7415QT47
O4_C1_S0,O4,say,1,,0,tx_7JAPTWKVHX
O5_L0,O5,line,,,0,tx_77AXPMW95H
O5_L1,O5,line,,,1,tx_D6YA3PDPNH
O5_L2,O5,line,,,2,tx_WRDN1XVZZ5
O5_C0,O5,choice,0,,0,tx_EQJF45PDP6
O5_C0_S0,O5,say,0,,0,tx_6ZBVNZ8NR4
O5_C1,O5,choice,1,,0,tx_2D9WQGJ8YH
O5_C1_S0,O5,say,1,,0,tx_KMG2EW0N0X
X01_L0,X01,line,,,0,tx_MBGM2ZWEDD
X01_L1,X01,line,,,1,tx_8ZVGT47WVM
X01_L2,X01,line,,,2,tx_P8W2YF8PMR
X01_C0,X01,choice,0,,0,tx_8N7M33ZP7C
X01_C0_S0,X01,say,0,,0,tx_Y8FD1VTS0Z
X01_C1,X01,choice,1,,0,tx_VPB4H5J1BP
X01_C1_S0,X01,say,1,ok,0,tx_4W79T0CX8T
X01_C1_S1,X01,say,1,ng,1,tx_YYAGMCV506
X02_L0,X02,line,,,0,tx_B2Q93RW7Z4
X02_L1,X02,line,,,1,tx_D4SQ5DFND2
X02_L2,X02,line,,,2,tx_EQP3GWM96R
X02_C0,X02,choice,0,,0,tx_TG7THNN4QG
X02_C0_S0,X02,say,0,ok,0,tx_1EJV84T1H9
X02_C0_S1,X02,say,0,ng,1,tx_VEXRPYC2PK
X02_C1,X02,choice,1,,0,tx_Q1FV2X8RNS
X02_C1_S0,X02,say,1,ok,0,tx_4SSD6DZS4Z
X02_C1_S1,X02,say,1,ng,1,tx_DTJAGMCKGN
X02_C2,X02,choice,2,,0,tx_JDRPB8YWAM
X02_C2_S0,X02,say,2,ok,0,tx_CKGHVR0SS7
X02_C2_S1,X02,say,2,ng,1,tx_HGZQBAZ7CE
X03_L0,X03,line,,,0,tx_Y60NQ9Z808
X03_L1,X03,line,,,1,tx_21AEZSMMPT
X03_L2,X03,line,,,2,tx_QPM52B1CQ1
X03_C0,X03,choice,0,,0,tx_1FSCEG079P
X03_C0_S0,X03,say,0,ok,0,tx_2ANDQGKPDE
X03_C0_S1,X03,say,0,ng,1,tx_BD0ANHJMGB
X03_C1,X03,choice,1,,0,tx_TV2MGKR3CG
X03_C1_S0,X03,say,1,,0,tx_5HEJ31QRAB
X03_C2,X03,choice,2,,0,tx_8Z2NK9BZ3A
X03_C2_S0,X03,say,2,,0,tx_F8C5EB6ACC
X04_L0,X04,line,,,0,tx_KW7BT0XW1G
X04_L1,X04,line,,,1,tx_4755JM4VQ0
X04_L2,X04,line,,,2,tx_S1HSSRZXMA
X04_C0,X04,choice,0,,0,tx_58MDCSCB0J
X04_C0_S0,X04,say,0,,0,tx_CJK6DN3JKZ
X04_C1,X04,choice,1,,0,tx_S0ME00XNSM
X04_C1_S0,X04,say,1,ok,0,tx_638HVXV0ZQ
X04_C1_S1,X04,say,1,ng,1,tx_C021KGFTKT
X05_L0,X05,line,,,0,tx_6C7M733QT0
X05_L1,X05,line,,,1,tx_PNNT7KZ42X
X05_L2,X05,line,,,2,tx_421P3JSMZD
X05_C0,X05,choice,0,,0,tx_17B118FTKH
X05_C0_S0,X05,say,0,ok,0,tx_EESCKRWTYJ
X05_C0_S1,X05,say,0,ng,1,tx_2MWEH110YH
X05_C1,X05,choice,1,,0,tx_P8E1Z1KYS4
X05_C1_S0,X05,say,1,,0,tx_19F3DK53C0
X05_C2,X05,choice,2,,0,tx_8GTPSGA6KK
X05_C2_S0,X05,say,2,ok,0,tx_ZPCDJ7MW5Y
X05_C2_S1,X05,say,2,ng,1,tx_7PFW9DXPGN
X06_L0,X06,line,,,0,tx_WWZK5T8X9T
X06_L1,X06,line,,,1,tx_GK5XQYZVTN
X06_L2,X06,line,,,2,tx_0HBCH20898
X06_C0,X06,choice,0,,0,tx_MFDABPE69D
X06_C0_S0,X06,say,0,,0,tx_8BP6R1YTZG
X06_C1,X06,choice,1,,0,tx_2W6NHBBCTJ
X06_C1_S0,X06,say,1,,0,tx_QQT6323FPF
X06_C2,X06,choice,2,,0,tx_39X5R71A03
X06_C2_S0,X06,say,2,ok,0,tx_CV8JTSB1M8
X06_C2_S1,X06,say,2,ng,1,tx_QAABQBBNPM
X07_L0,X07,line,,,0,tx_A1NG6K464D
X07_L1,X07,line,,,1,tx_N6R1WMXWTC
X07_L2,X07,line,,,2,tx_S9P310X56V
X07_C0,X07,choice,0,,0,tx_37MR7MJF0D
X07_C0_S0,X07,say,0,ok,0,tx_1SRJTR5B7D
X07_C0_S1,X07,say,0,ng,1,tx_FRHG14RTK7
X07_C1,X07,choice,1,,0,tx_67TZA94HQ7
X07_C1_S0,X07,say,1,,0,tx_C38GZ3HXES
X08_L0,X08,line,,,0,tx_7F4B0GFZD2
X08_L1,X08,line,,,1,tx_GV27K1VPDW
X08_L2,X08,line,,,2,tx_BJMAQY0286
X08_C0,X08,choice,0,,0,tx_Q9M7R0E478
X08_C0_S0,X08,say,0,,0,tx_ZCS35Z46BT
X08_C1,X08,choice,1,,0,tx_7NMY2SE273
X08_C1_S0,X08,say,1,,0,tx_GWQWZ15NDP
X09_L0,X09,line,,,0,tx_AQW6WTGRAR
X09_L1,X09,line,,,1,tx_EWV0XQT66Q
X09_L2,X09,line,,,2,tx_T7BNJS7HRZ
X09_C0,X09,choice,0,,0,tx_TET0WE2T76
X09_C0_S0,X09,say,0,ok,0,tx_V3T30EPGSK
X09_C0_S1,X09,say,0,ng,1,tx_DBW2BGB0GK
X09_C1,X09,choice,1,,0,tx_M1VXEGS7B4
X09_C1_S0,X09,say,1,,0,tx_TTC5NNHPV5
P01_L0,P01,line,,,0,tx_TT907CKDT5
P01_L1,P01,line,,,1,tx_XFDVFZPHS6
P01_L2,P01,line,,,2,tx_9CJEG52Y0C
P01_C0,P01,choice,0,,0,tx_XM7JSR27W1
P01_C1,P01,choice,1,,0,tx_5C5XCDBQES
P01_C2,P01,choice,2,,0,tx_XJ9PE2ZZG4
P02_L0,P02,line,,,0,tx_1XCTCK0BG9
P02_L1,P02,line,,,1,tx_2NYB25EY7K
P02_L2,P02,line,,,2,tx_P4R0XZ2718
P02_C0,P02,choice,0,,0,tx_NG79WN0VTX
P02_C1,P02,choice,1,,0,tx_G064BA75JD
P02_C2,P02,choice,2,,0,tx_ESGNJ1THF8
P03_L0,P03,line,,,0,tx_HWJTJM0P5J
P03_L1,P03,line,,,1,tx_Q6HE23RFQK
P03_L2,P03,line,,,2,tx_JDXZ98RCXA
P03_C0,P03,choice,0,,0,tx_TXD7P8XPHT
P03_C1,P03,choice,1,,0,tx_BRYRHNDA5X
P03_C2,P03,choice,2,,0,tx_34A2QNPWXP
P04_L0,P04,line,,,0,tx_CGYN4JCTT2
P04_L1,P04,line,,,1,tx_8FK3WR9VTJ
P04_C0,P04,choice,0,,0,tx_PYPNQ9R39M
P04_C1,P04,choice,1,,0,tx_RX6R6NM4D2
P04_C2,P04,choice,2,,0,tx_SGCC9FSCQ8
P05_L0,P05,line,,,0,tx_3MNR87MKPW
P05_L1,P05,line,,,1,tx_F7YY1EMPKY
P05_L2,P05,line,,,2,tx_NJA6D2HRNY
P05_C0,P05,choice,0,,0,tx_HYT29E1S8S
P05_C1,P05,choice,1,,0,tx_BM3185ZSQ1
P05_C2,P05,choice,2,,0,tx_KKXMBSZ9TF
P06_L0,P06,line,,,0,tx_KPMDCCZTEP
P06_L1,P06,line,,,1,tx_VZEFKAVWD5
P06_L2,P06,line,,,2,tx_NTTQA5M8S6
P06_C0,P06,choice,0,,0,tx_FY61V7ASJW
P06_C1,P06,choice,1,,0,tx_56GD2322E9
P07_L0,P07,line,,,0,tx_485X75BY3Y
P07_L1,P07,line,,,1,tx_37K36AAVHZ
P07_L2,P07,line,,,2,tx_NQN9ZJV1P7
P07_C0,P07,choice,0,,0,tx_XSCYG02BFM
P07_C1,P07,choice,1,,0,tx_6X445ZRXZA
P07_C2,P07,choice,2,,0,tx_726TW3J3S4
P08_L0,P08,line,,,0,tx_E0Q8Z6JCQT
P08_L1,P08,line,,,1,tx_9XF9RAG5PG
P08_C0,P08,choice,0,,0,tx_MX5X6YNRCS
P08_C1,P08,choice,1,,0,tx_BKXFM7SK5R
P09_L0,P09,line,,,0,tx_DDB911TYP5
P09_L1,P09,line,,,1,tx_P165HV568A
P09_L2,P09,line,,,2,tx_N27PWATY28
P09_C0,P09,choice,0,,0,tx_DW6DN62HG5
P09_C1,P09,choice,1,,0,tx_WS4YNKZZHP
P10_L0,P10,line,,,0,tx_Y286QSY9AY
P10_L1,P10,line,,,1,tx_ZYQ2H6NSV5
P10_C0,P10,choice,0,,0,tx_S475S364V1
P10_C1,P10,choice,1,,0,tx_TRZ5H1B5JE
P11_L0,P11,line,,,0,tx_3WDBRBT5GW
P11_L1,P11,line,,,1,tx_39HG016RAC
P11_L2,P11,line,,,2,tx_1T8YSHM654
P11_C0,P11,choice,0,,0,tx_82Z4T8S37D
P11_C1,P11,choice,1,,0,tx_XRXZW8C39R
P11_C2,P11,choice,2,,0,tx_5GZVMCADA4
P12_L0,P12,line,,,0,tx_YAM761NP7H
P12_L1,P12,line,,,1,tx_XXGJ8T8AMF
P12_L2,P12,line,,,2,tx_5WT1HTXEXH
P12_C0,P12,choice,0,,0,tx_D6CFVSA5FZ
P12_C1,P12,choice,1,,0,tx_9TKKWG51FR
P12_C2,P12,choice,2,,0,tx_EZF6PG4AWS
P13_L0,P13,line,,,0,tx_TGANFVZDW3
P13_L1,P13,line,,,1,tx_BFRD3MFTCJ
P13_L2,P13,line,,,2,tx_4RB6GM0B12
P13_C0,P13,choice,0,,0,tx_HYYM6S1Z2D
P13_C1,P13,choice,1,,0,tx_JMR8KDQH00
P13_C2,P13,choice,2,,0,tx_9SZN9TA016
P14_L0,P14,line,,,0,tx_QF8WWDJMVD
P14_L1,P14,line,,,1,tx_5RMFW4Y97D
P14_L2,P14,line,,,2,tx_DBJB108KNX
P14_C0,P14,choice,0,,0,tx_HV427WM4QM
P14_C1,P14,choice,1,,0,tx_HJNV35D4QG
P14_C2,P14,choice,2,,0,tx_TKTTCQ6AHV
P15_L0,P15,line,,,0,tx_5VG97NVEV0
P15_L1,P15,line,,,1,tx_11BXCC4A5J
P15_L2,P15,line,,,2,tx_98RHXX4CMN
P15_C0,P15,choice,0,,0,tx_H15XZER9KR
P15_C1,P15,choice,1,,0,tx_FZWDZJM4MJ
P15_C2,P15,choice,2,,0,tx_DGCV1JP42M
T01_L0,T01,line,,,0,tx_S8ES8XZVQW
T01_L1,T01,line,,,1,tx_HZD9GEBAFR
T01_L2,T01,line,,,2,tx_JCYC1AH2PJ
T01_C0,T01,choice,0,,0,tx_Q9YFDEBKEB
T01_C0_S0,T01,say,0,,0,tx_2N3YJZ35JE
T01_C1,T01,choice,1,,0,tx_QB4HRY15VT
T01_C1_S0,T01,say,1,ok,0,tx_3SGPCS4PH7
T01_C1_S1,T01,say,1,ng,1,tx_VHN1WB5A51
T02_L0,T02,line,,,0,tx_K5VBACMYA6
T02_L1,T02,line,,,1,tx_N6YYBSQVNW
T02_C0,T02,choice,0,,0,tx_N5QDJ60X29
T02_C0_S0,T02,say,0,,0,tx_GD23ZN691V
T02_C1,T02,choice,1,,0,tx_KFS8EYBM2S
T02_C1_S0,T02,say,1,ok,0,tx_QEGB0VN5RN
T02_C1_S1,T02,say,1,ng,1,tx_6M3WK1BPQ7
T03_L0,T03,line,,,0,tx_4KWGRVMPY7
T03_L1,T03,line,,,1,tx_2HDMG1DP5V
T03_C0,T03,choice,0,,0,tx_477HCE2FAM
T03_C0_S0,T03,say,0,ok,0,tx_4VN11ASBVB
T03_C0_S1,T03,say,0,ng,1,tx_HZNATQZ1CX
T03_C1,T03,choice,1,,0,tx_A5T23BNT2A
T03_C1_S0,T03,say,1,,0,tx_RCX7XH5K8Z
T03_C2,T03,choice,2,,0,tx_Z8MB9KF08A
T03_C2_S0,T03,say,2,,0,tx_JC2AQW8AQY
T04_L0,T04,line,,,0,tx_N7107F7D7V
T04_L1,T04,line,,,1,tx_9VXQ2QF36S
T04_C0,T04,choice,0,,0,tx_917HH9H1WZ
T04_C0_S0,T04,say,0,,0,tx_H36TXHFQZM
T04_C1,T04,choice,1,,0,tx_A8JD1Y65T8
T04_C1_S0,T04,say,1,ok,0,tx_0YD282NYP9
T04_C1_S1,T04,say,1,ng,1,tx_EJC5368844
T05_L0,T05,line,,,0,tx_BAYBGG9GXB
T05_L1,T05,line,,,1,tx_5QSXAD063Q
T05_C0,T05,choice,0,,0,tx_BXZCFAW6WC
T05_C0_S0,T05,say,0,,0,tx_ABFXSK7HQW
T05_C1,T05,choice,1,,0,tx_76TZMERTWR
T05_C1_S0,T05,say,1,ok,0,tx_J6X8H3B6XM
T05_C1_S1,T05,say,1,ng,1,tx_GWHTZXTMSG
T06_L0,T06,line,,,0,tx_BVNGQAPE5M
T06_C0,T06,choice,0,,0,tx_AYR197YTGB
T06_C0_S0,T06,say,0,,0,tx_1REM87SYVD
T06_C1,T06,choice,1,,0,tx_SZZMXPKBNK
T06_C1_S0,T06,say,1,ok,0,tx_5ZZNYB9SWV
T06_C1_S1,T06,say,1,ng,1,tx_KW9J0DQDVA
T07_L0,T07,line,,,0,tx_R3MVV1G5SF
T07_C0,T07,choice,0,,0,tx_A12V1SD0SJ
T07_C0_S0,T07,say,0,,0,tx_DPDH4ANAAJ
T07_C1,T07,choice,1,,0,tx_BW2BFWH5DB
T07_C1_S0,T07,say,1,,0,tx_TJXC15EBX7
J01_L0,J01,line,,,0,tx_ZBR2EQPS3P
J01_L1,J01,line,,,1,tx_E374T7GFQE
J01_L2,J01,line,,,2,tx_B3Y6KVD3P4
J01_C0,J01,choice,0,,0,tx_JSS4MQMY4M
J01_C0_S0,J01,say,0,,0,tx_XRKVPSK4AQ
J01_C0_S1,J01,say,0,,1,tx_WVJSTQ255R
J01_C1,J01,choice,1,,0,tx_MYB8WF6EK7
J01_C1_S0,J01,say,1,ok,0,tx_G1N62SEW01
J01_C1_S1,J01,say,1,ng,1,tx_0GQVTQE3JH
J02_L0,J02,line,,,0,tx_Y4JXF85288
J02_L1,J02,line,,,1,tx_SNKVZFV76G
J02_C0,J02,choice,0,,0,tx_W4YN7289MW
J02_C0_S0,J02,say,0,,0,tx_6D889HY8Y6
J02_C1,J02,choice,1,,0,tx_07GNRSBJ25
J02_C1_S0,J02,say,1,ok,0,tx_KPKZRRRESZ
J02_C1_S1,J02,say,1,ng,1,tx_70XK0PA7YX
J03_L0,J03,line,,,0,tx_2B3W0B1ZD4
J03_L1,J03,line,,,1,tx_RRF14JXZYA
J03_C0,J03,choice,0,,0,tx_9N7B7PCZ5N
J03_C0_S0,J03,say,0,,0,tx_2XVW6DND6C
J03_C1,J03,choice,1,,0,tx_T0XXC81CWK
J03_C1_S0,J03,say,1,ok,0,tx_6GSWJZY616
J03_C1_S1,J03,say,1,ng,1,tx_94NECDHB76
S01_L0,S01,line,,,0,tx_6VFK3CV72J
S01_L1,S01,line,,,1,tx_Q98BRPJSVN
S01_C0,S01,choice,0,,0,tx_W0Z14DRGRK
S01_C0_S0,S01,say,0,,0,tx_JZ5EFEQZXX
S01_C1,S01,choice,1,,0,tx_W2FRM8R0BT
S01_C1_S0,S01,say,1,,0,tx_H6CKVTXX8X
S01_C2,S01,choice,2,,0,tx_5W46C53H2W
S01_C2_S0,S01,say,2,ok,0,tx_DRGWMWTTE1
S01_C2_S1,S01,say,2,ng,1,tx_PHP66PDG2M
S02_L0,S02,line,,,0,tx_VX509357K0
S02_C0,S02,choice,0,,0,tx_TC0DHVZRV7
S02_C0_S0,S02,say,0,,0,tx_2A6T933CQM
S02_C1,S02,choice,1,,0,tx_WY97KPWG0R
S02_C1_S0,S02,say,1,,0,tx_MARQQ3RTBF
S03_L0,S03,line,,,0,tx_SJE17RVD97
S03_C0,S03,choice,0,,0,tx_4YAB4P1BF5
S03_C0_S0,S03,say,0,,0,tx_KX2KSP6GRC
S03_C1,S03,choice,1,,0,tx_TCYBPNF1T2
S03_C1_S0,S03,say,1,,0,tx_F54NJ9ZP20
S04_L0,S04,line,,,0,tx_34QRZWK36Z
S04_C0,S04,choice,0,,0,tx_3VT59RKFMG
S04_C0_S0,S04,say,0,ok,0,tx_7H4K5DTPM5
S04_C0_S1,S04,say,0,ng,1,tx_GW2JEQZHQ2
S04_C1,S04,choice,1,,0,tx_0TVKNYP75N
S04_C1_S0,S04,say,1,,0,tx_4GXA8BME14
S05_L0,S05,line,,,0,tx_HNX6ND2X0T
S05_C0,S05,choice,0,,0,tx_WQSKM4ZE39
S05_C0_S0,S05,say,0,,0,tx_5EQ4E4SS9W
S05_C1,S05,choice,1,,0,tx_SWAJWYDKF0
S05_C1_S0,S05,say,1,,0,tx_7K7VHDN95S
A01_L0,A01,line,,,0,tx_DWVTVF5K3Z
A01_C0,A01,choice,0,,0,tx_ABG041CJ2S
A01_C0_S0,A01,say,0,,0,tx_CZY2AXN1EZ
A01_C1,A01,choice,1,,0,tx_MCDQ5CHV4Z
A01_C1_S0,A01,say,1,ok,0,tx_G88SJPBZCQ
A01_C1_S1,A01,say,1,ng,1,tx_823WJR70DB
A01_C2,A01,choice,2,,0,tx_F4ZZMBTDD1
A01_C2_S0,A01,say,2,,0,tx_40HGH4ZS9Y
A02_L0,A02,line,,,0,tx_ABZP4CX6PR
A02_C0,A02,choice,0,,0,tx_EA4DT4VFEN
A02_C0_S0,A02,say,0,,0,tx_F23QYSNPYF
A02_C1,A02,choice,1,,0,tx_FHPEQJP0DY
A02_C1_S0,A02,say,1,,0,tx_27ZWX69DNV
U01_L0,U01,line,,,0,tx_GR4XB73CWD
U01_C0,U01,choice,0,,0,tx_HK3CRWJETS
U01_C0_S0,U01,say,0,,0,tx_2F8XPQ8NS6
U01_C1,U01,choice,1,,0,tx_TGRHJWDW3K
U01_C1_S0,U01,say,1,,0,tx_0A5ZEFAMHZ
U02_L0,U02,line,,,0,tx_TX2P5VDXN6
U02_C0,U02,choice,0,,0,tx_7VMY0DVVMG
U02_C0_S0,U02,say,0,,0,tx_PJXC55G216
U02_C1,U02,choice,1,,0,tx_23APC47XR3
U02_C1_S0,U02,say,1,ok,0,tx_WS9B2VRYYE
U02_C1_S1,U02,say,1,ng,1,tx_MCGHZHC008
U03_L0,U03,line,,,0,tx_W2RXVAV0F8
U03_C0,U03,choice,0,,0,tx_52HBQZZ518
U03_C0_S0,U03,say,0,,0,tx_VPB1H9B879
U03_C1,U03,choice,1,,0,tx_HMGK8XYRB3
U03_C1_S0,U03,say,1,ok,0,tx_G465G1NMYJ
U03_C1_S1,U03,say,1,ng,1,tx_J1QVCXZS73
U04_L0,U04,line,,,0,tx_0WHT1QBBMX
U04_C0,U04,choice,0,,0,tx_V1X72H23BA
U04_C0_S0,U04,say,0,,0,tx_9TNC1NTS61
U04_C1,U04,choice,1,,0,tx_YZ0W5CEQ62
U04_C1_S0,U04,say,1,,0,tx_FTH0EB8PPJ
U05_L0,U05,line,,,0,tx_V594GHX4FA
U05_C0,U05,choice,0,,0,tx_VCXMXMSK8Z
U05_C0_S0,U05,say,0,,0,tx_FXCFD2TVCE
U05_C1,U05,choice,1,,0,tx_EKR5AC80YA
U05_C1_S0,U05,say,1,,0,tx_4DZ12PB99P
LB01_L0,LB01,line,,,0,tx_PGX42AZC1K
LB01_L1,LB01,line,,,1,tx_ZJH0CA0S40
LB01_L2,LB01,line,,,2,tx_YHPXHB3HWK
LB01_L3,LB01,line,,,3,tx_9V9JPV5RBD
LB01_C0,LB01,choice,0,,0,tx_5D5M3E8X7K
LB01_C0_S0,LB01,say,0,,0,tx_1E67JN0S47
LB02_L0,LB02,line,,,0,tx_CZ4S2C1JXA
LB02_L1,LB02,line,,,1,tx_91W2DEJYKM
LB02_L2,LB02,line,,,2,tx_JNDEZ4Y7C5
LB02_L3,LB02,line,,,3,tx_KAZNBCDWDE
LB02_C0,LB02,choice,0,,0,tx_DBYRHDAACS
LB02_C0_S0,LB02,say,0,,0,tx_F2XVSXXX9X
LB02_C0_S1,LB02,say,0,,1,tx_GDSE4N85DZ
