id,kind,manager_type,stage,cond,lines,choices,effects,weight
I01,interview,-1,0,,요즘 훈련이 조금 버거워요.|감독님은 어떻게 생각하세요?,잘하고 있어. 조금만 더 버티자.|힘들면 강도를 조절해 줄게.|프로라면 견뎌야지.,ok>trust:+5;ok>say:네… 감독님 말 믿고 버텨 볼게요.;ng>trust:+1;ng>say:말은 쉽죠.|trust:+4;say:정말요? 그럼 조금 숨 돌릴 수 있겠네요.|ok>trust:+2;ok>say:…맞는 말이에요. 더 해 볼게요.;ng>trust:-3;ng>say:알겠습니다. (표정이 굳는다),1
I02,interview,-1,0,,감독님 혹시 시간 괜찮으세요?|지난 경기 제 플레이 어땠는지 궁금해서요.,침착했어. 그대로만 가자.|몇 군데 아쉬웠어. 같이 영상 보자.|결과로 말하면 되지.,trust:+3;say:다행이다. 계속 그렇게 해 볼게요.|ok>trust:+6;ok>say:같이 봐 주시는 거예요? 좋아요!;ng>trust:+1;ng>say:네… 지적만 듣는 건 좀 힘드네요.|trust:-2;say:…네.,1
I03,interview,-1,0,,*{name} 선수가 숙소 거실에 혼자 앉아 창밖을 보고 있다.|요즘 좀 생각이 많아서요.,무슨 일 있어? 천천히 말해 봐.|컨디션 관리도 실력이야.|내일 얘기하자. 오늘은 쉬어.,ok>trust:+6;ok>say:들어 주셔서 감사해요. 한결 낫네요.;ng>trust:+2;ng>say:아니에요. 그냥 피곤한가 봐요.|trust:-1;say:네. 알고 있어요.|trust:+2;say:네 감독님. 푹 잘게요.,1
I04,interview,-1,0,trust>=40,감독님한테만 하는 말인데요.|저 이번 시즌에 꼭 우승하고 싶어요.,같이 하자. 나도 같은 마음이야.|욕심은 좋지만 하나씩 가자.,trust:+5;pmod:all:+1:-1;say:좋아요. 다음 경기 보여 드릴게요!|trust:+3;say:하나씩… 네 그럴게요.,1
I05,interview,-1,0,trust<25,…부르셨어요?|*{name} 선수가 시선을 피한다.,요즘 어떻게 지내나 해서.|내가 뭐 서운하게 한 거 있어?|훈련 태도가 좀 아쉬워.,trust:+3;say:그냥 그래요.|ok>trust:+7;ok>say:…사실 좀 있었어요. 말해도 돼요?;ng>say:없어요. 괜찮아요.|ok>trust:+1;ok>say:…고칠게요.;ng>trust:-4;ng>say:(대답이 없다),1
I06,interview,-1,0,last=loss,어제 경기는… 제 탓이에요.|제가 한타를 망쳤어요.,팀 경기야. 혼자 짊어지지 마.|그래서 다음엔 어떻게 할 건데?,ok>trust:+6;ok>say:감독님… 고마워요.;ng>trust:+2;ng>say:그래도 제 잘못인걸요.|trust:+2;pmod:engage_hit:+2:-1;say:교전 각을 다시 볼게요. 다음엔 안 놓쳐요.,1
I07,interview,-1,0,last=win,지난 경기 이겼잖아요!|오늘 저녁은 좀 쉬어도 돼요?,오늘은 쉬자. 잘했어.|이길 때 더 다져야지.,trust:+4;say:역시 감독님!|ok>trust:+2;ok>say:…맞아요. 복기부터 할게요.;ng>trust:-2;ng>say:이겨도 쉬지를 못하네…,1
I08,interview,0,0,,감독님은 항상 차분하시네요.|저도 그렇게 되고 싶어요.,루틴을 지키면 돼. 같이 짜 볼까?|나도 속으론 떨려.,trust:+4;pmod:field_eva:+1:2;say:루틴이요? 좋아요 해 볼게요.|trust:+5;say:감독님도요? 의외네요.,1
I09,interview,1,0,,감독님 현역 때 얘기 해 주세요!|그때도 이렇게 연습했어요?,더 했지. 하루 열네 시간.|그땐 몰랐어. 너희는 나보다 낫다.,ok>trust:+5;ok>say:와… 저도 질 수 없죠!;ng>trust:+1;ng>say:그건 좀 무리 아닌가요…|trust:+5;say:감독님이 그렇게 말해 주니까 힘나요.,1
O1,outing,-1,1,,*{name} 선수와 숙소 앞 분식집에 갔다.|여기 떡볶이 진짜 맛있어요.|감독님이랑 밖에서 밥 먹는 거 처음이에요.,자주 오자.|맛있게 먹어. 오늘은 내가 산다.,trust:+5;pmod:all:+1:-1;say:정말요? 약속이에요!|trust:+4;pmod:all:+1:-1;say:잘 먹겠습니다!,1
O1F,outing,1,1,,*{name} 선수와 오락실에 갔다.|감독님 현역 때 실력 보여 주세요!|*결과는 아슬아슬한 감독님 승.,아직 안 죽었지?|봐준 거야. 다음엔 진짜로 해.,trust:+5;pmod:all:+1:-1;say:인정이요. 진짜 잘하시네요.|trust:+6;pmod:all:+1:-1;say:다음엔 제가 이겨요!,1
O2,outing,-1,2,,*{name} 선수와 한강을 걸었다.|바람 좋다…|사실 프로 되기 전엔 여기 자주 왔어요.,그때 무슨 생각 했어?|지금은 어때?,trust:+6;pmod:all:+1:-1;say:언젠가 무대에 서고 싶다… 그거요.|trust:+5;pmod:all:+1:-1;say:지금은… 좋아요. 진짜로.,1
O3,outing,-1,3,,*{name} 선수가 고른 작은 영화관.|이 영화 꼭 같이 보고 싶었어요.|*영화가 끝나고 한참 말이 없다.,좋은 영화였다.|너 울었지?,"trust:+6;pmod:all:+2:-1;say:그쵸? 감독님 취향일 줄 알았어요.|trust:+7;pmod:all:+2:-1;say:아, 아니거든요!",1
O4,outing,-1,4,,*{name} 선수의 고향 근처 바닷가.|여기서 처음 게임 시작했어요. 저 PC방이요.|*간판은 낡았지만 불은 켜져 있다.,여기서부터 여기까지 왔구나.|들어가 볼까?,trust:+7;pmod:all:+2:-1;say:네. 감독님 덕분이에요.|trust:+7;pmod:all:+2:-1;say:진짜요? 사장님 놀라시겠다!,1
O5,outing,-1,5,,*늦은 밤 옥상. {name} 선수가 먼저 와 있었다.|감독님. 저 이번 시즌 끝나면 꼭 하고 싶은 말이 있어요.|…지금 말하면 반칙이니까 우승하고 할게요.,그럼 꼭 우승해야겠네.|기다릴게.,trust:+8;pmod:all:+2:-1;say:약속이에요.|trust:+8;pmod:all:+2:-1;say:네. 꼭이요.,1
X01,incident,-1,0,,@부상|*훈련 중 {name} 선수가 손목을 붙잡았다.|괜찮아요… 조금 시큰한 정도예요.,바로 병원 가자. 훈련은 쉬어.|테이핑하고 오늘만 버티자.,trust:+3;pmod:all:-2:1;say:네… 빨리 나을게요.|ok>pmod:all:-1:1;ok>say:생각보다 괜찮네요.;ng>pmod:all:-4:2;ng>trust:-3;ng>say:악… 더 아파졌어요.,1
X02,incident,-1,0,,@슬럼프|*{name} 선수의 연습 경기 성적이 며칠째 바닥이다.|…뭘 해도 안 돼요.,며칠 기본기만 하자.|하던 대로 해. 곧 돌아와.|자리 경쟁 붙일 수도 있어.,ok>pmod:field_hit:+2:2;ok>trust:+2;ok>say:기본기부터… 해 볼게요.;ng>pmod:field_hit:-2:1;ng>say:그래도 안 되면요?|ok>trust:+3;ok>say:네 믿어 볼게요.;ng>pmod:all:-2:1;ng>say:…|chk:-20;ok>pmod:all:+2:1;ok>say:…지지 않을 거예요.;ng>trust:-6;ng>pmod:all:-2:2;ng>say:그렇게까지 말씀하셔야 해요?,1
X03,incident,-1,0,,@갈등|*연습실에서 언성이 높아졌다. 한가운데 {name} 선수가 있다.|제 콜을 아무도 안 들어요!,다 같이 앉아서 얘기하자.|{name} 말이 맞아. 콜은 따르자.|둘 다 그만. 연습이나 해.,ok>trust_all:+2;ok>say:…알겠어요. 얘기해 볼게요.;ng>trust_all:-1;ng>say:얘기해도 똑같을 거예요.|trust:+4;trust_all:-2;say:감사합니다.|trust:-3;pmod_all:all:-1:1;say:(문이 쾅 닫힌다),1
X04,incident,-1,0,,@향수병|*{name} 선수가 밤늦게 가족과 통화하며 울고 있었다.|집에 한 번만 다녀오면 안 될까요?,하루 다녀와. 훈련은 걱정 마.|시즌 끝나고 꼭 보내 줄게.,trust:+6;pmod:all:-1:1;say:고마워요 감독님!|ok>trust:+2;ok>say:…네. 약속이에요.;ng>trust:-3;ng>say:알겠어요.,1
X05,incident,-1,0,,@악플|*커뮤니티에 {name} 선수를 겨냥한 글이 쏟아졌다.|신경 안 써요. …안 쓰려고요.,휴대폰은 당분간 내가 맡아 둘게.|팀 공식 입장 내자.|실력으로 보여 주면 돼.,ok>trust:+4;ok>say:오히려 편하네요.;ng>trust:-1;ng>pmod:all:-1:1;ng>say:답답해요…|trust:+3;trust_all:+1;smod:mental:-1:1;say:감독님이 막아 주시는 거예요?|ok>pmod:all:+1:-1;ok>say:두고 보세요.;ng>pmod:all:-2:1;ng>say:그게 쉬우면 이러겠어요?,1
X06,incident,-1,0,,@지각|*{name} 선수가 오전 훈련에 한 시간 늦었다.|죄송해요! 알람을 못 들었어요.,벌금이야. 규칙은 규칙.|다음부턴 조심해.|무슨 일 있었어?,trust_all:+1;trust:-2;say:…네. 내겠습니다.|trust:+2;trust_all:-1;say:감사합니다!|ok>trust:+4;ok>say:사실 요즘 잠을 잘 못 자요.;ng>trust:+1;ng>say:그냥 늦잠이에요.,1
X07,incident,-1,0,,@장비 고장|*경기용 장비가 연습 도중 먹통이 됐다.|손에 익은 거라 바꾸기 싫은데…,새 장비로 바로 적응하자.|같은 모델 급히 구해 보자.,ok>pmod:engage_hit:+1:1;ok>say:생각보다 괜찮은데요?;ng>pmod:engage_hit:-3:1;ng>say:손에 안 맞아요…|trust:+3;smod:finance:-1:1;say:다행이다…!,1
P01,press,-1,0,,@리그 위클리|이번 주도 시간 내주셔서 감사합니다 감독님.|지난주 훈련 성과가 눈에 띄더군요. 이번 주 계획도 비슷하게 가시나요?,계획대로 갑니다. 흔들릴 이유가 없죠.|조금 바꿀 생각입니다. 아직 말씀드리긴 이르고요.|그건 경기장에서 확인하시죠.,trust_all:+1|smod:tactics:+1:1|ok>smod:mental:+1:1;ng>trust_all:-1,1
P02,press,-1,0,,@e스포츠 데일리|주말 경기 상대가 만만치 않다는 평이 많습니다.|솔직히 이길 자신 있으십니까?,저희 선수들을 믿습니다.|쉽지 않겠지만 준비한 게 있습니다.|질문이 좀 무례하시네요.,trust_all:+2|smod:tactics:+1:1|trust_all:+1;smod:mental:-1:1,1
P03,press,-1,0,,@게임 투데이|팀 분위기는 어떻습니까?|불화설도 돌던데요.,가족 같은 분위기입니다.|경쟁은 있지만 건강한 경쟁입니다.|근거 없는 소문엔 답하지 않겠습니다.,ok>trust_all:+2;ng>trust_all:-1|trust_all:+1|smod:mental:+1:1,1
P04,press,-1,0,last=loss,@e스포츠 데일리|지난 경기 패배 원인을 어떻게 보십니까?,제 준비가 부족했습니다.|선수들 컨디션이 안 좋았습니다.|지나간 경기는 잊었습니다.,trust_all:+2;smod:mental:-1:1|trust_all:-2|ok>smod:mental:+1:1;ng>trust_all:-1,1
P05,press,-1,0,mention=mvp,@리그 위클리|지난 경기 MVP는 {name} 선수였습니다.|칭찬 한마디 부탁드립니다.,{name}은(는) 우리 팀의 기둥입니다.|한 경기 잘한 걸로는 부족합니다.|MVP는 팀 전체가 받은 겁니다.,trust:+4|ok>trust:+1;ng>trust:-3|trust:-1;trust_all:+1,1
P06,press,-1,0,mention=mvp,@게임 투데이|{name} 선수 해외 이적설이 있습니다.|사실입니까?,{name}은(는) 우리와 끝까지 갑니다.|선수 본인에게 물어보시죠.,trust:+5|trust:-2,1
P07,press,-1,0,mention=worst,@e스포츠 데일리|{name} 선수가 지난 경기에서 부진했다는 평입니다.|교체도 고려하십니까?,전혀요. {name}을(를) 믿습니다.|컨디션을 보고 판단하겠습니다.|부진은 사실이죠.,ok>trust:+5;ng>trust:+2|trust:+1|trust:-4;smod:mental:+1:1,1
P08,press,-1,0,mention=worst,@리그 위클리|팬들 사이에서 {name} 선수 비판 여론이 있습니다.,비판은 제가 받겠습니다.|선수가 이겨내야 할 몫입니다.,trust:+4;smod:mental:-1:1|ok>trust:+1;ng>trust:-2,1
P09,press,0,0,,@게임 투데이|감독님 특유의 운영이 화제입니다.|비결이 뭡니까?,철저한 준비 그뿐입니다.|선수들이 잘 따라 준 덕분입니다.,smod:tactics:+1:1|trust_all:+2,1
P10,press,1,0,,@e스포츠 데일리|현역 시절과 지금 중 언제가 더 떨립니까?,지금이요. 선수들 경기라서요.|현역 때죠. 지금은 즐깁니다.,trust_all:+2|smod:mental:+1:1,1
