id,pilot_id,rank,kind,value
1,2,1,stat_flat,2
2,2,1,stat_growth,10
3,2,2,stat_flat,2
4,2,3,stat_flat,2
5,2,3,salary_down,3
6,2,4,stat_flat,3
7,2,5,stat_flat,2
8,2,5,card_swap,2:30
9,3,1,stat_flat,2
10,3,2,stat_flat,2
11,3,2,salary_down,3
12,3,3,stat_flat,2
13,3,3,stat_growth,10
14,3,4,stat_flat,3
15,3,5,stat_flat,2
16,3,5,card_swap,2:21
17,5,1,stat_flat,2
18,5,1,stat_growth,10
19,5,2,stat_flat,2
20,5,3,stat_flat,2
21,5,3,salary_down,3
22,5,4,stat_flat,3
23,5,5,stat_flat,2
24,5,5,card_swap,2:46
25,6,1,stat_flat,3
26,6,2,stat_flat,2
27,6,2,salary_down,5
28,6,3,stat_flat,2
29,6,3,stat_growth,14
30,6,4,stat_flat,4
31,6,5,stat_flat,2
32,6,5,card_swap,2:17
33,7,1,stat_flat,2
34,7,1,salary_down,3
35,7,2,stat_flat,2
36,7,3,stat_flat,3
37,7,4,stat_flat,2
38,7,4,stat_growth,10
39,7,5,stat_flat,2
40,7,5,card_swap,2:30
41,8,1,stat_flat,2
42,8,1,stat_growth,10
43,8,2,stat_flat,2
44,8,3,stat_flat,2
45,8,3,salary_down,3
46,8,4,stat_flat,3
47,8,5,stat_flat,2
48,8,5,card_swap,2:15
49,9,1,stat_flat,2
50,9,2,stat_flat,2
51,9,2,salary_down,3
52,9,3,stat_flat,2
53,9,3,stat_growth,10
54,9,4,stat_flat,3
55,9,5,stat_flat,2
56,9,5,card_swap,2:11
57,10,1,stat_flat,2
58,10,1,salary_down,4
59,10,2,stat_flat,3
60,10,3,stat_flat,4
61,10,4,stat_flat,2
62,10,4,stat_growth,12
63,10,5,stat_flat,2
64,10,5,card_swap,2:28
65,11,1,stat_flat,2
66,11,1,stat_growth,10
67,11,2,stat_flat,2
68,11,3,stat_flat,2
69,11,3,salary_down,3
70,11,4,stat_flat,3
71,11,5,stat_flat,2
72,11,5,card_swap,2:17
73,12,1,stat_flat,4
74,12,2,stat_flat,2
75,12,2,salary_down,6
76,12,3,stat_flat,2
77,12,3,stat_growth,16
78,12,4,stat_flat,5
79,12,5,stat_flat,2
80,12,5,card_swap,2:42
81,13,1,stat_flat,2
82,13,1,salary_down,4
83,13,2,stat_flat,3
84,13,3,stat_flat,4
85,13,4,stat_flat,2
86,13,4,stat_growth,12
87,13,5,stat_flat,2
88,13,5,card_swap,2:16
89,14,1,stat_flat,2
90,14,1,stat_growth,14
91,14,2,stat_flat,3
92,14,3,stat_flat,2
93,14,3,salary_down,5
94,14,4,stat_flat,4
95,14,5,stat_flat,2
96,14,5,card_swap,2:37
97,15,1,stat_flat,3
98,15,2,stat_flat,2
99,15,2,salary_down,4
100,15,3,stat_flat,2
101,15,3,stat_growth,12
102,15,4,stat_flat,4
103,15,5,stat_flat,2
104,15,5,card_swap,2:22
105,16,1,stat_flat,2
106,16,1,salary_down,5
107,16,2,stat_flat,3
108,16,3,stat_flat,4
109,16,4,stat_flat,2
110,16,4,stat_growth,14
111,16,5,stat_flat,2
112,16,5,card_swap,2:45
113,17,1,stat_flat,2
114,17,1,stat_growth,16
115,17,2,stat_flat,4
116,17,3,stat_flat,2
117,17,3,salary_down,6
118,17,4,stat_flat,5
119,17,5,stat_flat,2
120,17,5,card_swap,2:15
121,18,1,stat_flat,3
122,18,2,stat_flat,2
123,18,2,salary_down,4
124,18,3,stat_flat,2
125,18,3,stat_growth,12
126,18,4,stat_flat,4
127,18,5,stat_flat,2
128,18,5,card_swap,2:21
129,19,1,stat_flat,2
130,19,1,salary_down,4
131,19,2,stat_flat,3
132,19,3,stat_flat,4
133,19,4,stat_flat,2
134,19,4,stat_growth,12
135,19,5,stat_flat,2
136,19,5,card_swap,2:29
137,20,1,stat_flat,2
138,20,1,stat_growth,12
139,20,2,stat_flat,3
140,20,3,stat_flat,2
141,20,3,salary_down,4
142,20,4,stat_flat,4
143,20,5,stat_flat,2
144,20,5,card_swap,2:7
145,21,1,stat_flat,3
146,21,2,stat_flat,2
147,21,2,salary_down,5
148,21,3,stat_flat,2
149,21,3,stat_growth,14
150,21,4,stat_flat,4
151,21,5,stat_flat,2
152,21,5,card_swap,2:9
153,22,1,stat_flat,2
154,22,1,salary_down,6
155,22,2,stat_flat,4
156,22,3,stat_flat,5
157,22,4,stat_flat,2
158,22,4,stat_growth,16
159,22,5,stat_flat,2
160,22,5,card_swap,2:29
161,23,1,stat_flat,2
162,23,1,stat_growth,12
163,23,2,stat_flat,3
164,23,3,stat_flat,2
165,23,3,salary_down,4
166,23,4,stat_flat,4
167,23,5,stat_flat,2
168,23,5,card_swap,2:1
169,24,1,stat_flat,3
170,24,2,stat_flat,2
171,24,2,salary_down,5
172,24,3,stat_flat,2
173,24,3,stat_growth,14
174,24,4,stat_flat,4
175,24,5,stat_flat,2
176,24,5,card_swap,2:16
177,25,1,stat_flat,2
178,25,1,salary_down,3
179,25,2,stat_flat,2
180,25,3,stat_flat,3
181,25,4,stat_flat,2
182,25,4,stat_growth,10
183,25,5,stat_flat,2
184,25,5,card_swap,2:44
185,36,1,stat_flat,2
186,36,2,stat_flat,2
187,36,2,salary_down,3
188,36,3,stat_flat,2
189,36,3,stat_growth,10
190,36,4,stat_flat,3
191,36,5,stat_flat,2
192,36,5,card_swap,2:43
193,39,1,stat_flat,2
194,39,2,stat_flat,2
195,39,2,salary_down,3
196,39,3,stat_flat,2
197,39,3,stat_growth,10
198,39,4,stat_flat,3
199,39,5,stat_flat,2
200,39,5,card_swap,2:21
