id,pilot_id,stage,kind,value,desc_key
1,2,1,stat_growth,10,tx_BNZABB803S
2,2,2,stat_flat,2,tx_1MD83CR2E7
3,2,3,salary_down,3,tx_GAAZ5HPRXK
4,2,4,stat_flat,3,tx_BVZGPFX010
5,2,5,card_swap,2:30,tx_E279KXEN3F
6,3,1,stat_flat,2,tx_7CTR6HNEPK
7,3,2,salary_down,3,tx_PGK3M1V0NR
8,3,3,stat_growth,10,tx_YNYE5T30WE
9,3,4,stat_flat,3,tx_QPC5HYT8G5
10,3,5,card_swap,2:21,tx_D4KC8DCARF
11,5,1,stat_growth,10,tx_GT9HFB45QN
12,5,2,stat_flat,2,tx_M8A5SD7XZ3
13,5,3,salary_down,3,tx_4Y1G7QJK1Z
14,5,4,stat_flat,3,tx_399JVH6XZT
15,5,5,card_swap,2:46,tx_YGX2TFQQYH
16,6,1,stat_flat,3,tx_7ZEA11MNKZ
17,6,2,salary_down,5,tx_2CCK1642TV
18,6,3,stat_growth,14,tx_023MAMQFJM
19,6,4,stat_flat,4,tx_7TVXP69D87
20,6,5,card_swap,2:17,tx_4RNYT0N3CH
21,7,1,salary_down,3,tx_5BF8Z6EHXT
22,7,2,stat_flat,2,tx_21ZNBHDDA9
23,7,3,stat_flat,3,tx_7SWB7DDK3Z
24,7,4,stat_growth,10,tx_8EVV1RF8PZ
25,7,5,card_swap,2:30,tx_JVWTBF2K0R
26,8,1,stat_growth,10,tx_HJZ5969XXZ
27,8,2,stat_flat,2,tx_CVZVESYVCH
28,8,3,salary_down,3,tx_KGRDD7JXC5
29,8,4,stat_flat,3,tx_TEBE2JYYJN
30,8,5,card_swap,2:15,tx_8MHCZAZAKX
31,9,1,stat_flat,2,tx_NFVG32TTEF
32,9,2,salary_down,3,tx_CAJN34RZBJ
33,9,3,stat_growth,10,tx_7J08XRWG0F
34,9,4,stat_flat,3,tx_6N1XE4GWWG
35,9,5,card_swap,2:11,tx_7BR5YWJB5H
36,10,1,salary_down,4,tx_PRQSCMCRNY
37,10,2,stat_flat,3,tx_S31T2RG0MG
38,10,3,stat_flat,4,tx_322156HE7Q
39,10,4,stat_growth,12,tx_MNCGV8CS0Y
40,10,5,card_swap,2:28,tx_50EWAPEMJJ
41,11,1,stat_growth,10,tx_92MFB1DXG3
42,11,2,stat_flat,2,tx_41DRR06M4H
43,11,3,salary_down,3,tx_F2W8F1NGFA
44,11,4,stat_flat,3,tx_V3F0Y42H76
45,11,5,card_swap,2:17,tx_YXN1V1K761
46,12,1,stat_flat,4,tx_388H7SWZK1
47,12,2,salary_down,6,tx_XPVB9FWBK0
48,12,3,stat_growth,16,tx_RNXFV4X5KX
49,12,4,stat_flat,5,tx_7CRNFMK6CS
50,12,5,card_swap,2:42,tx_K579866TJR
51,13,1,salary_down,4,tx_3X9FH1EK8J
52,13,2,stat_flat,3,tx_E51RC55DZ9
53,13,3,stat_flat,4,tx_YVV18TPYRZ
54,13,4,stat_growth,12,tx_DV3NNY745M
55,13,5,card_swap,2:16,tx_GVDGB5WNC2
56,14,1,stat_growth,14,tx_V7X9DPN1EH
57,14,2,stat_flat,3,tx_NM0GHWJZ8W
58,14,3,salary_down,5,tx_DHXCRK6FMS
59,14,4,stat_flat,4,tx_00N8BJ2VN0
60,14,5,card_swap,2:37,tx_X272J64Z3W
61,15,1,stat_flat,3,tx_JJXX24EEPG
62,15,2,salary_down,4,tx_SWE7TCQCTP
63,15,3,stat_growth,12,tx_FEKKT2CP0Q
64,15,4,stat_flat,4,tx_V0E3SB00NR
65,15,5,card_swap,2:22,tx_FB9D3PSJKH
66,16,1,salary_down,5,tx_TS3WCTPP83
67,16,2,stat_flat,3,tx_2N79N56WDN
68,16,3,stat_flat,4,tx_MJHGQXF8PV
69,16,4,stat_growth,14,tx_FN2Q9FNGMK
70,16,5,card_swap,2:45,tx_GNBJJYQYZ8
71,17,1,stat_growth,16,tx_HJVYAAEZHZ
72,17,2,stat_flat,4,tx_HH71MM2NTA
73,17,3,salary_down,6,tx_G4T169KT2D
74,17,4,stat_flat,5,tx_CJG38SZ85R
75,17,5,card_swap,2:15,tx_Z5XWZ1NV04
76,18,1,stat_flat,3,tx_GWMX9TG5YQ
77,18,2,salary_down,4,tx_3GZRG4SWEX
78,18,3,stat_growth,12,tx_0R8DM81BVE
79,18,4,stat_flat,4,tx_Q60ERV02ZN
80,18,5,card_swap,2:21,tx_VPWDG7GND8
81,19,1,salary_down,4,tx_AC3ZD0GF06
82,19,2,stat_flat,3,tx_N3428YR5TT
83,19,3,stat_flat,4,tx_QK167M9MCZ
84,19,4,stat_growth,12,tx_A22ERBKP73
85,19,5,card_swap,2:29,tx_Y7PPHPJX74
86,20,1,stat_growth,12,tx_75SZR88ZGX
87,20,2,stat_flat,3,tx_SF5MS1F892
88,20,3,salary_down,4,tx_FTK3BPDA9J
89,20,4,stat_flat,4,tx_ZJFQ26M3Q5
90,20,5,card_swap,2:7,tx_2HYAZASV6Y
91,21,1,stat_flat,3,tx_RQH494K67C
92,21,2,salary_down,5,tx_8MSMBN1B11
93,21,3,stat_growth,14,tx_73T413BY02
94,21,4,stat_flat,4,tx_1D9B9ZB8D3
95,21,5,card_swap,2:9,tx_4NBQ8AZQPG
96,22,1,salary_down,6,tx_1CVD44CTD1
97,22,2,stat_flat,4,tx_436PNZ5BZP
98,22,3,stat_flat,5,tx_CCEY2AA8QH
99,22,4,stat_growth,16,tx_DQVFDVZ1SY
100,22,5,card_swap,2:29,tx_HX1CQ1HXX4
101,23,1,stat_growth,12,tx_P8M4917H4N
102,23,2,stat_flat,3,tx_JGFBDHNZBQ
103,23,3,salary_down,4,tx_CERCCST1T7
104,23,4,stat_flat,4,tx_B5HCSW6PE1
105,23,5,card_swap,2:1,tx_269D8R68GZ
106,24,1,stat_flat,3,tx_MMDJ2K4B9W
107,24,2,salary_down,5,tx_MP556W6XF3
108,24,3,stat_growth,14,tx_PQQZSZ8Q73
109,24,4,stat_flat,4,tx_C8MAJ18BAJ
110,24,5,card_swap,2:16,tx_KBMT1VW6FW
111,25,1,salary_down,3,tx_Z38V855Z3K
112,25,2,stat_flat,2,tx_7V4R2TCJTV
113,25,3,stat_flat,3,tx_TW2WB4MQM1
114,25,4,stat_growth,10,tx_ZH3SMVBXS7
115,25,5,card_swap,2:44,tx_PEN5KX72BJ
116,36,1,stat_flat,2,tx_KTQJAFXBR3
117,36,2,salary_down,3,tx_T517J0YFBT
118,36,3,stat_growth,10,tx_ZVBHG47DG8
119,36,4,stat_flat,3,tx_8DZ1FRJKR9
120,36,5,card_swap,2:43,tx_6NK8H5RP05
121,39,1,stat_flat,2,tx_MZFRJYQWE1
122,39,2,salary_down,3,tx_80T8YAJNC7
123,39,3,stat_growth,10,tx_4TJN6H88TJ
124,39,4,stat_flat,3,tx_5ZA10MPGFV
125,39,5,card_swap,2:21,tx_6RFSFX6W0Q
