level,stat_bonus,salary_bonus,levelup_cost,exp_required
0,0,0,0,0
1,1,0,13,35
2,1,0,16,75
3,2,0,19,120
4,2,0,22,170
5,3,1,25,225
6,3,1,28,285
7,4,1,31,350
8,4,1,34,420
9,5,1,37,495
10,5,2,40,575
11,6,2,43,660
12,6,2,46,750
13,7,2,49,845
14,7,2,52,945
15,8,3,55,1050
16,8,3,58,1160
17,9,3,61,1275
18,9,3,64,1395
19,10,3,67,1520
20,10,4,70,1650
21,11,4,73,1785
22,11,4,76,1925
23,12,4,79,2070
24,12,4,82,2220
25,13,5,85,2375
26,13,5,88,2535
27,14,5,91,2700
28,14,5,94,2870
29,15,5,97,3045
30,15,6,100,3225
31,16,6,103,3410
32,16,6,106,3600
33,17,6,109,3795
34,17,6,112,3995
35,18,7,115,4200
36,18,7,118,4410
37,19,7,121,4625
38,19,7,124,4845
39,20,7,127,5070
40,20,8,130,5300
41,21,8,133,5535
42,21,8,136,5775
43,22,8,139,6020
44,22,8,142,6270
45,23,9,145,6525
46,23,9,148,6785
47,24,9,151,7050
48,24,9,154,7320
49,25,9,157,7595
50,25,10,160,7875
