id,team_id,name_key,role,field_hit,field_eva,engage_hit,engage_eva,atk_growth,hp_growth,skill_id,is_mob,pilot_cards,salary,rarity,starter,main_mechs
0,5,tx_6RHXR0K8TD,0,65,65,68,70,69,68,-1,1,30|29|7,40,0,0,0
1,3,tx_KCKAPV8M44,1,68,70,72,69,70,65,-1,1,7|28|25,41,0,0,6
2,5,tx_1TSM3CVTC7,2,80,85,82,80,81,82,19,0,16|37|21,49,1,1,12|13
3,2,tx_MMGADQGFP5,3,65,92,78,80,79,78,9,0,27|30|46,47,1,1,18|19
4,2,tx_VH7WT9HK5V,4,80,58,74,68,71,68,-1,1,24|26|25,42,0,0,24
5,0,tx_A57ZKJ2RYN,0,85,86,82,90,86,85,20,0,30|42|8,51,1,1,1|2
6,7,tx_45ATHT6FKK,1,86,84,88,87,88,80,3,0,9|39|30,51,3,0,7|8
7,0,tx_JPNMY18MCJ,2,92,93,90,90,90,92,15,0,18|44|46,55,1,1,13|14
8,0,tx_163HX41GR4,3,78,102,86,90,88,88,5,0,28|21|19,53,1,1,19|20
9,0,tx_JJBNVJ8XXV,4,103,80,92,88,90,90,10,0,17|44|15,54,1,1,25|26
10,1,tx_29BFFGGW6S,0,86,82,84,86,85,82,21,0,13|24|21,50,2,0,2|0
11,0,tx_QX0BWSVSPR,1,90,90,92,88,90,86,0,0,36|30|27,54,1,1,8|9
12,2,tx_54BAVHVXZ9,2,93,90,93,88,90,87,16,0,19|46|40,54,4,0,14|15
13,7,tx_3034BPK68X,3,72,100,80,86,83,85,7,0,45|17|43,51,2,0,20|21
14,4,tx_9X5MSNP9S6,4,98,72,90,82,86,80,12,0,18|39|26,51,3,0,26|27
15,3,tx_AC888H3N75,0,82,80,84,86,85,80,23,0,8|28|11,50,2,0,0|2
16,6,tx_05PA12NPQW,1,86,90,84,85,84,82,2,0,40|21|25,51,3,0,9|6
17,4,tx_W5W0277NZB,2,88,90,86,86,86,84,18,0,46|28|36,52,4,0,15|12
18,1,tx_AYBRWP0TGG,3,70,96,80,82,81,80,8,0,14|22|27,49,2,0,21|22
19,5,tx_8CZEWV0FKH,4,94,72,86,82,84,80,13,0,45|22|7,50,2,0,27|28
20,2,tx_4VNK1Y3RNN,0,86,80,90,88,89,75,22,0,36|11|39,51,2,0,1|0
21,5,tx_E9G1X85PV8,1,88,86,86,88,87,82,1,0,11|19|45,52,3,0,6|8
22,3,tx_3H5B2KKWQ3,2,92,92,90,90,90,86,17,0,12|42|19,54,4,0,12|14
23,6,tx_A11RS2G63R,3,74,98,82,86,84,84,6,0,26|7|28,51,2,0,22|18
24,3,tx_XAFE097QC8,4,98,74,90,84,87,78,11,0,7|27|13,51,3,0,28|24
25,4,tx_4F8CDQF40F,0,76,76,75,78,76,76,24,0,19|2|24,46,1,1,2|1
26,2,tx_F3H094AEA0,1,70,70,72,68,70,65,-1,1,24|30|38,42,0,0,7
27,1,tx_X87VBTX1CS,2,74,76,72,72,72,74,-1,1,18|30|42,44,0,0,13
28,3,tx_SWY4WWSAB9,3,58,80,65,68,66,68,-1,1,18|29|17,40,0,0,18
29,1,tx_7VRX3MZ9JA,4,82,58,74,70,72,67,-1,1,22|44|39,42,0,0,24
30,6,tx_2H29TKTGJ5,0,61,61,65,65,65,61,-1,1,27|38|36,38,0,0,0
31,4,tx_7KMP8WAH0E,1,63,65,65,61,63,58,-1,1,28|46|45,38,0,0,8
32,6,tx_YDE9Z2XBQ0,2,65,68,65,67,66,63,-1,1,46|39|42,39,0,0,14
33,4,tx_R5HGGQNRE4,3,51,75,61,65,63,65,-1,1,17|9|21,38,0,0,19
34,7,tx_EEPF8ES67Y,4,75,51,68,61,64,61,-1,1,12|11|30,38,0,0,25
35,7,tx_FWT4NKYHP9,0,58,59,61,61,61,56,-1,1,24|46|19,36,0,0,1
36,1,tx_9PMKX7Q4AC,1,80,82,82,76,79,70,4,0,29|21|45,47,1,1,9|7
37,7,tx_G8V1VM0EK5,2,65,68,63,65,64,65,-1,1,45|30|36,39,0,0,15
38,5,tx_X11AK79026,3,51,75,59,65,62,65,-1,1,1|29|12,38,0,0,20
39,6,tx_RB46PVETMS,4,92,70,84,80,82,78,14,0,45|13|22,49,1,1,26|28
