id,name_key,grade,stats,cond,cond_stats,weight,desc_key
1,tx_CYGR6J73XX,0,field_hit:3,,,10,tx_0WJHVJBXGJ
2,tx_1E4NWHCFMH,0,field_eva:3,,,10,tx_ABZZPKPCYQ
3,tx_WACC2C0HFM,0,engage_hit:3,,,10,tx_2MJGGBBG8W
4,tx_0AYXJYXGR5,0,engage_eva:3,,,10,tx_TPN738KR73
5,tx_VSNP1K2HN2,0,atk_growth:3,,,10,tx_F7BMZSBRHB
6,tx_S44JV6K81D,0,hp_growth:3,,,10,tx_E7ARY2RD8Y
7,tx_43NMPETEJN,1,field_hit:4|field_eva:2,,,10,tx_KGE8JZ4FD1
8,tx_7H3MC8ST31,1,engage_hit:4|engage_eva:2,,,10,tx_VRXTZ6J5VN
9,tx_B44F1ZRV5V,1,hp_growth:4|engage_eva:2,,,10,tx_G78PW2KHPR
10,tx_3Q7114R6SF,1,atk_growth:4|engage_hit:2,,,10,tx_7FRCXP4PHE
11,tx_ZNCXG862TG,1,field_eva:4|engage_eva:2,,,10,tx_XBD561TVAG
12,tx_8GMS4ZMMM0,1,field_hit:3|engage_eva:3,,,10,tx_H9SG1KJ7VG
13,tx_74FT3NG96S,2,atk_growth:3,main,field_hit:4|engage_hit:4,8,tx_NG3XEEHSFB
14,tx_SKX3980NZ4,2,hp_growth:3,own_role,field_eva:4|engage_eva:4,8,tx_5234BFCRX4
15,tx_9EBPK4CZKY,2,engage_eva:3,mech_role:0,hp_growth:5|engage_eva:3,6,tx_BJP0GG5N68
16,tx_QWZBQFGYDS,2,field_eva:3,mech_role:2,engage_hit:5|atk_growth:3,6,tx_423T378EFS
17,tx_41ZA0ATDFP,2,field_hit:3,mech_role:4,field_hit:4|atk_growth:4,6,tx_HCTF0FH7HK
18,tx_KEMWNM8WAB,2,engage_hit:3,tier:3,field_hit:3|field_eva:3,6,tx_X44QXQ1EJK
