id,facility,kind,name_key,desc_key,weeks,min_level,repeatable,p1,p2,icon
tr_h1,train_field,training,tx_C3D9TTX7RM,tx_288T6NSM51,2,1,1,T03,,
tr_h2,train_field,training,tx_CRDZVM594S,tx_5H1AF87EJ5,3,2,1,T24,,
tr_h3,train_field,training,tx_XSTBV57D0E,tx_5E3CWKKQFB,4,3,1,T30,,
tr_e1,train_field,training,tx_Y0VAD18VWY,tx_AQV0FTJB5W,2,1,1,T04,,
tr_e2,train_field,training,tx_S5BDGF3H6V,tx_NSEM58XZBZ,3,2,1,T25,,
tr_e3,train_field,training,tx_SDPXNP0NQD,tx_R5Z59C8P2S,4,3,1,T31,,
tr_c1,train_engage,training,tx_0GVRJWFGHF,tx_Q60T3VWG6B,2,1,1,T05,,
tr_c2,train_engage,training,tx_37MDDPRG9Z,tx_Y1MJ5HPDYA,3,2,1,T26,,
tr_c3,train_engage,training,tx_BJ4QZRBHG0,tx_ATFEZQQVK4,4,3,1,T32,,
tr_d1,train_engage,training,tx_H4PZBD0H2F,tx_VF9GDD44PJ,2,1,1,T06,,
tr_d2,train_engage,training,tx_8PWMARC1YD,tx_EQKVF3XHRB,3,2,1,T27,,
tr_d3,train_engage,training,tx_K7WGTVEFYH,tx_X27TBKZCCA,4,3,1,T33,,
tr_scrim,train_engage,training,tx_4QAJJH1MQ7,tx_Y8ZTXRQFFT,5,4,1,T12,,
tr_a1,train_growth,training,tx_DES565NJBB,tx_7BWPQE649G,2,1,1,T07,,
tr_a2,train_growth,training,tx_GAMEE4PGAP,tx_F0NXFBTCD6,3,2,1,T28,,
tr_a3,train_growth,training,tx_5M7A2T32PC,tx_7GSA0GTTEN,4,3,1,T34,,
tr_p1,train_growth,training,tx_C8K89H4B51,tx_F85JHZN635,2,1,1,T08,,
tr_p2,train_growth,training,tx_ACNVBDVZ3F,tx_XJV44357RD,3,2,1,T29,,
tr_p3,train_growth,training,tx_WR670VYFHD,tx_S099ZS5DSK,4,3,1,T35,,
tr_b2,train_growth,training,tx_W35EV2FTR7,tx_QDYMDSS6VG,3,1,0,T02,,
tr_b3,train_growth,training,tx_PJT2KQZGZ5,tx_ECEXAYK1PE,5,3,0,T22,,
tr_b4,train_growth,training,tx_2X1PHJ4NWP,tx_XA7HGYCKK8,7,5,0,T23,,
tr_q1,train_growth,training,tx_2BQGFBTYKJ,tx_W546ZD811X,2,1,1,T18,,
tr_q2,train_growth,training,tx_G05GT07WXV,tx_383E3GST4M,3,2,1,T19,,
tr_q3,train_growth,training,tx_6AS2K331A0,tx_JV8PB8S2J5,4,3,1,T20,,
tr_q4,train_growth,training,tx_N8HTB1FG38,tx_X92ANSG0J1,5,4,1,T21,,
tr_joint,train_growth,training,tx_W2MN9NQEXX,tx_HA3VMQNNJ9,3,2,1,T09,,
tr_focus,train_growth,training,tx_CDQX93JGKY,tx_GCNV581S7C,3,2,1,T10,,
tr_meeting,train_growth,training,tx_B6EPHBJW8X,tx_1Q4R17PNKT,3,2,1,T11,,
tr_mentor,train_growth,training,tx_7NCVP355BG,tx_963K9HZFF6,4,3,1,T14,,
tr_camp,train_growth,training,tx_16WJXM7YEQ,tx_0VWHVEM9F5,6,4,1,T15,,
in_scout,intel,intel,tx_J3Y69RGNTH,tx_F4XDP3C9Q9,2,1,1,,,
mech_study,mech_lab,mech,tx_1B74EM9AMW,tx_KHARDPAGQ1,2,1,1,,,
scout,personnel,personnel,tx_40KE8V9E9S,tx_SKS0NQX6X5,2,1,1,scout,,
