id,name_key,job,training,tactics,knowledge,mental,analysis,finance,salary
1,tx_ZBBZHFMCCX,assistant,15,14,13,15,14,12,120
2,tx_PHJPVGVRWA,assistant,13,12,12,14,12,11,100
11,tx_RH8AJM213Z,coach_training,17,8,6,9,5,4,70
12,tx_1YCHP4S4CR,coach_training,15,7,6,8,5,4,60
21,tx_3Y6BR2QTX3,coach_tactics,7,17,6,9,6,4,70
22,tx_3H9HPRDVX6,coach_tactics,6,15,6,8,6,4,60
31,tx_C5QAFP4992,coach_knowledge,6,7,16,8,6,4,70
32,tx_0DK3G2N907,coach_knowledge,6,6,15,8,6,4,60
33,tx_G8VDGNQCGR,coach_knowledge,5,6,14,7,5,4,55
34,tx_BZ2G77ZD3W,coach_knowledge,5,5,13,7,5,4,50
41,tx_SEY9C6TFDR,analyst,4,7,7,6,16,4,70
42,tx_KTBPN7EMPH,analyst,4,6,6,6,15,4,60
43,tx_Q07NDPDD2A,analyst,4,6,6,6,14,4,55
44,tx_X7KY700EB3,analyst,4,5,6,6,13,4,50
45,tx_DX1085NGYG,analyst,4,5,5,6,12,4,45
51,tx_6NTF126396,finance,3,4,4,6,5,16,70
52,tx_6KTZ6M91H0,finance,3,4,4,6,5,15,60
53,tx_WGNEE4ZXQ4,finance,3,4,4,6,5,14,55
54,tx_93DNF2H8DK,finance,3,4,4,6,5,13,50
55,tx_H0RPTYH8T9,finance,3,4,4,6,5,12,45
56,tx_B0BMAWJ7W0,finance,3,4,4,5,5,11,40
57,tx_1B1ZHR2JX6,finance,3,4,4,5,5,10,35
101,tx_4TZJ9Q0G4G,assistant,13,12,11,16,12,10,95
102,tx_THE6R4CQ6E,assistant,11,11,10,13,10,9,70
103,tx_BC21PAPGSB,coach_training,18,9,6,10,5,4,85
104,tx_B51JC1CE6P,coach_training,14,6,5,12,5,4,50
105,tx_39P1DAPENB,coach_training,12,5,5,7,4,3,35
106,tx_MM1KDPB7HD,coach_tactics,8,18,7,10,7,4,85
107,tx_31Y6PBHHBN,coach_tactics,6,13,6,14,6,4,50
108,tx_MZ9AT1W8VN,coach_knowledge,6,7,18,8,7,4,85
109,tx_13Z86ZG39Q,coach_knowledge,5,6,12,11,6,4,40
110,tx_GJ2STBMZ72,coach_knowledge,4,5,10,6,8,4,30
111,tx_5N22GECH68,analyst,5,8,7,7,18,4,85
112,tx_D6P585S32D,analyst,4,6,6,12,13,5,50
113,tx_VNM0MTM188,analyst,4,5,6,5,11,4,35
114,tx_TV2BGMCWJH,finance,3,4,5,8,6,18,85
115,tx_SD9YWPYDJP,finance,3,4,4,11,5,13,45
116,tx_BF8HV59Q7R,finance,3,3,4,6,6,10,30
117,tx_M4JWE3CTDD,coach_training,11,8,6,17,6,5,60
118,tx_77DSWSBQCW,analyst,6,9,8,15,14,6,70
