term_id,key,ko,en,forbidden_ko,forbidden_en,dnt,note
hand,,손,hand,손패,,,카드를 들고 있는 곳. 예전 표기 손패 · 핸드는 쓰지 않는다(카드 이름 [핫핸드]는 예외라 금지 표기에서 뺐다)
while_held,,소지 중,while held,,,,손에 들고 있는 것만으로 효과가 나는 카드의 머리말 — 소지 중: …
search,,찾기,search,탐색,,,덱에서 골라 손으로. 맨 찾기는 언제나 덱이고 덱이 아닌 출처만 적는다 — 버린 더미에서 찾기
discard_pile,,버린 더미,discard pile,묘지,graveyard,,버린 카드가 쌓이는 더미
draw,,뽑기,draw,드로우,,,덱에서 카드를 가져오기 — 뽑기 2장
discard,,버리기,discard,,,,손에서 버린 더미로 — 버리기 1장
turn,,턴,turn,라운드,round,,교전 길이 · 지속시간 단위 — 3턴 간 교전
token,,토큰,token,,,,카드 · 스킬 위에 쌓이는 수. 충전 키워드가 채운다
operation_phase,,작전 단계,operation phase,,,,카드를 내는 단계
engage,,교전,engage,,,,파일럿끼리 붙는 라운드제 전투 — 교전 카드 · 교전 턴
strategy_points,,전략 점수,strategy points,,,,카드 비용을 내는 팀 자원
growth_points,,성장 점수,growth points,,,,파일럿의 성장 통화
cost,,비용,cost,,,,카드 비용 — 비용 +1 · 비용 -1 · 비용 0 (낱말 먼저)
caster,,시전자,caster,,,,카드를 낸 파일럿
sure_hit,,필중,sure-hit,,,,명중 판정 없이 맞는 공격 — 필중 공격
kw_exhaust,tx_D1T42QFP6V,,,,,,카드 키워드 소멸
kw_preserve,tx_SJ5QM4RPT6,,,,,,카드 키워드 보존
kw_volatile,tx_XT72XP34EJ,,,,,,카드 키워드 휘발성
kw_charge,tx_HHR746K1D3,,,,,,카드 키워드 충전
kw_reposition,tx_VDYX47TMCF,,,,,,카드 키워드 재배치
kw_track,tx_KXN7MDVXDA,,,,,,특수 키워드 추적
kw_reactive_armor,tx_HPPDS4VKWD,,,,,,특수 키워드 반응 장갑
kw_mark,tx_DG1DJNPNVF,,,,,,특수 키워드 목표 — 대상(target)과 헷갈리지 않게 en 은 Mark
kw_bounty,tx_WSY436KCVQ,,,,,,특수 키워드 현상금
kw_stun,tx_EQ77MGHTT1,,,,,,특수 키워드 기절
kw_vulnerable,tx_WAPNWFECJE,,,,,,특수 키워드 취약
